category,word_one,word_two,word_three,word_four
antonym,بیدار,خەواب,بیدار,خەواب
antonym,بیدار,خەواب,تاریک,ڕوون
antonym,بیدار,خەواب,تەما,کەله کەڵک
antonym,بیدار,خەواب,خۆش,ناراحە
antonym,بیدار,خەواب,رەحەمان,کەس
antonym,بیدار,خەواب,زۆر,کەم
antonym,بیدار,خەواب,سەرسام,بەرز
antonym,بیدار,خەواب,سەرەش,پەیاو
antonym,بیدار,خەواب,میشە,خۆش
antonym,بیدار,خەواب,نوێ,کەهنە
antonym,بیدار,خەواب,نەرم,کۆم
antonym,بیدار,خەواب,پاک,نەپاک
antonym,بیدار,خەواب,پێویست,نەپێویست
antonym,بیدار,خەواب,چاو,ڕەنگ
antonym,بیدار,خەواب,کوتاه,بەرز
antonym,تەما,کەله کەڵک,بیدار,خەواب
antonym,تەما,کەله کەڵک,تەما,کەله کەڵک
antonym,تەما,کەله کەڵک,خۆش,ناراحە
antonym,تەما,کەله کەڵک,رەحەمان,کەس
antonym,تەما,کەله کەڵک,زۆر,کەم
antonym,تەما,کەله کەڵک,سەرسام,بەرز
antonym,تەما,کەله کەڵک,سەرچاو,رەنگ
antonym,تەما,کەله کەڵک,سەرەش,پەیاو
antonym,تەما,کەله کەڵک,میشە,خۆش
antonym,تەما,کەله کەڵک,نوێ,کەهنە
antonym,تەما,کەله کەڵک,نەرم,کۆم
antonym,تەما,کەله کەڵک,پاک,نەپاک
antonym,تەما,کەله کەڵک,پێویست,نەپێویست
antonym,تەما,کەله کەڵک,چاو,ڕەنگ
antonym,تەما,کەله کەڵک,کوتاه,بەرز
antonym,خۆش,ناراحە,بیدار,خەواب
antonym,خۆش,ناراحە,تەما,کەله کەڵک
antonym,خۆش,ناراحە,خۆش,ناراحە
antonym,خۆش,ناراحە,رەحەمان,کەس
antonym,خۆش,ناراحە,زۆر,کەم
antonym,خۆش,ناراحە,زەوی,سرد
antonym,خۆش,ناراحە,سەرسام,بەرز
antonym,خۆش,ناراحە,سەرەش,پەیاو
antonym,خۆش,ناراحە,میشە,خۆش
antonym,خۆش,ناراحە,نوێ,کەهنە
antonym,خۆش,ناراحە,نەرم,کۆم
antonym,خۆش,ناراحە,پاک,نەپاک
antonym,خۆش,ناراحە,پێویست,نەپێویست
antonym,خۆش,ناراحە,چاو,ڕەنگ
antonym,خۆش,ناراحە,کوتاه,بەرز
antonym,رەحەمان,کەس,باش,خۆش
antonym,رەحەمان,کەس,بیدار,خەواب
antonym,رەحەمان,کەس,تەما,کەله کەڵک
antonym,رەحەمان,کەس,خۆش,ناراحە
antonym,رەحەمان,کەس,رەحەمان,کەس
antonym,رەحەمان,کەس,زۆر,کەم
antonym,رەحەمان,کەس,سەرسام,بەرز
antonym,رەحەمان,کەس,سەرەش,پەیاو
antonym,رەحەمان,کەس,میشە,خۆش
antonym,رەحەمان,کەس,نوێ,کەهنە
antonym,رەحەمان,کەس,نەرم,کۆم
antonym,رەحەمان,کەس,پاک,نەپاک
antonym,رەحەمان,کەس,پێویست,نەپێویست
antonym,رەحەمان,کەس,چاو,ڕەنگ
antonym,رەحەمان,کەس,کوتاه,بەرز
antonym,زۆر,کەم,بیدار,خەواب
antonym,زۆر,کەم,تەما,کەله کەڵک
antonym,زۆر,کەم,خۆش,ناراحە
antonym,زۆر,کەم,خێر,کەس
antonym,زۆر,کەم,رەحەمان,زەرد
antonym,زۆر,کەم,رەحەمان,کەس
antonym,زۆر,کەم,زۆر,کەم
antonym,زۆر,کەم,سەرسام,بەرز
antonym,زۆر,کەم,سەرمە,دەنگ
antonym,زۆر,کەم,سەرەش,پەیاو
antonym,زۆر,کەم,شادی,خانە
antonym,زۆر,کەم,شەر,رەو
antonym,زۆر,کەم,میشە,خۆش
antonym,زۆر,کەم,نوێ,کەهنە
antonym,زۆر,کەم,نەرم,کۆم
antonym,زۆر,کەم,پاک,نەپاک
antonym,زۆر,کەم,پێویست,نەپێویست
antonym,زۆر,کەم,چاو,ڕەنگ
antonym,زۆر,کەم,ڕوون,تاریک
antonym,زۆر,کەم,کوتاه,بەرز
antonym,سەرسام,بەرز,بیدار,خەواب
antonym,سەرسام,بەرز,تازە,کەهنە
antonym,سەرسام,بەرز,تەما,کەله کەڵک
antonym,سەرسام,بەرز,خۆش,ناراحە
antonym,سەرسام,بەرز,رەحەمان,کەس
antonym,سەرسام,بەرز,زۆر,کەم
antonym,سەرسام,بەرز,سەرسام,بەرز
antonym,سەرسام,بەرز,سەرەش,پەیاو
antonym,سەرسام,بەرز,میشە,خۆش
antonym,سەرسام,بەرز,نوێ,کەهنە
antonym,سەرسام,بەرز,نەرم,کۆم
antonym,سەرسام,بەرز,پاک,نەپاک
antonym,سەرسام,بەرز,پێویست,نەپێویست
antonym,سەرسام,بەرز,چاو,ڕەنگ
antonym,سەرسام,بەرز,کوتاه,بەرز
antonym,سەرەش,پەیاو,بیدار,خەواب
antonym,سەرەش,پەیاو,تەما,کەله کەڵک
antonym,سەرەش,پەیاو,خۆش,ناراحە
antonym,سەرەش,پەیاو,رەحەمان,کەس
antonym,سەرەش,پەیاو,زۆر,کەم
antonym,سەرەش,پەیاو,سەرسام,بەرز
antonym,سەرەش,پەیاو,سەرەش,پەیاو
antonym,سەرەش,پەیاو,میشە,خۆش
antonym,سەرەش,پەیاو,نوێ,کەهنە
antonym,سەرەش,پەیاو,نەرم,کۆم
antonym,سەرەش,پەیاو,پاک,نەپاک
antonym,سەرەش,پەیاو,پێویست,نەپێویست
antonym,سەرەش,پەیاو,چاو,ڕەنگ
antonym,سەرەش,پەیاو,کوتاه,بەرز
antonym,میشە,خۆش,بیدار,خەواب
antonym,میشە,خۆش,تازە,کەهنە
antonym,میشە,خۆش,تەما,کەله کەڵک
antonym,میشە,خۆش,خۆش,ناراحە
antonym,میشە,خۆش,رەحەمان,کەس
antonym,میشە,خۆش,زۆر,کەم
antonym,میشە,خۆش,سەرسام,بەرز
antonym,میشە,خۆش,سەرەش,پەیاو
antonym,میشە,خۆش,میشە,خۆش
antonym,میشە,خۆش,نوێ,کەهنە
antonym,میشە,خۆش,نەرم,کۆم
antonym,میشە,خۆش,پاک,نەپاک
antonym,میشە,خۆش,پێویست,نەپێویست
antonym,میشە,خۆش,چاو,ڕەنگ
antonym,میشە,خۆش,کوتاه,بەرز
antonym,نوێ,کەهنە,بیدار,خەواب
antonym,نوێ,کەهنە,تەما,کەله کەڵک
antonym,نوێ,کەهنە,خۆش,ناراحە
antonym,نوێ,کەهنە,رەحەمان,کەس
antonym,نوێ,کەهنە,زۆر,کەم
antonym,نوێ,کەهنە,سەرسام,بەرز
antonym,نوێ,کەهنە,سەرەش,پەیاو
antonym,نوێ,کەهنە,میشە,خۆش
antonym,نوێ,کەهنە,نوێ,کەهنە
antonym,نوێ,کەهنە,نەرم,کۆم
antonym,نوێ,کەهنە,پاک,نەپاک
antonym,نوێ,کەهنە,پێویست,نەپێویست
antonym,نوێ,کەهنە,چاو,ڕەنگ
antonym,نوێ,کەهنە,کوتاه,بەرز
antonym,نەرم,کۆم,بیدار,خەواب
antonym,نەرم,کۆم,تەما,کەله کەڵک
antonym,نەرم,کۆم,خۆش,ناراحە
antonym,نەرم,کۆم,رەحەمان,کەس
antonym,نەرم,کۆم,زۆر,کەم
antonym,نەرم,کۆم,سەرسام,بەرز
antonym,نەرم,کۆم,سەرەش,پەیاو
antonym,نەرم,کۆم,میشە,خۆش
antonym,نەرم,کۆم,نوێ,کەهنە
antonym,نەرم,کۆم,نەرم,کۆم
antonym,نەرم,کۆم,پاک,نەپاک
antonym,نەرم,کۆم,پاک,پێشین
antonym,نەرم,کۆم,پێویست,نەپێویست
antonym,نەرم,کۆم,چاو,ڕەنگ
antonym,نەرم,کۆم,کوتاه,بەرز
antonym,پاک,نەپاک,بیدار,خەواب
antonym,پاک,نەپاک,تەما,کەله کەڵک
antonym,پاک,نەپاک,خۆش,ناراحە
antonym,پاک,نەپاک,رەحەمان,کەس
antonym,پاک,نەپاک,زۆر,کەم
antonym,پاک,نەپاک,سەرسام,بەرز
antonym,پاک,نەپاک,سەرەش,پەیاو
antonym,پاک,نەپاک,لەباز,کەڵک
antonym,پاک,نەپاک,میشە,خۆش
antonym,پاک,نەپاک,نوێ,کەهنە
antonym,پاک,نەپاک,نیک,سەی 
antonym,پاک,نەپاک,نەرم,کۆم
antonym,پاک,نەپاک,پاک,نەپاک
antonym,پاک,نەپاک,پێویست,نەپێویست
antonym,پاک,نەپاک,چاو,ڕەنگ
antonym,پاک,نەپاک,کوتاه,بەرز
antonym,پێویست,نەپێویست,بیدار,خەواب
antonym,پێویست,نەپێویست,تەما,کەله کەڵک
antonym,پێویست,نەپێویست,خۆش,ناراحە
antonym,پێویست,نەپێویست,رەحەمان,کەس
antonym,پێویست,نەپێویست,زۆر,کەم
antonym,پێویست,نەپێویست,سەرسام,بەرز
antonym,پێویست,نەپێویست,سەرەش,پەیاو
antonym,پێویست,نەپێویست,لەخۆ,دانە
antonym,پێویست,نەپێویست,میشە,خۆش
antonym,پێویست,نەپێویست,نوێ,کەهنە
antonym,پێویست,نەپێویست,نەرم,کۆم
antonym,پێویست,نەپێویست,پاک,نەپاک
antonym,پێویست,نەپێویست,پێویست,نەپێویست
antonym,پێویست,نەپێویست,چاو,ڕەنگ
antonym,پێویست,نەپێویست,کوتاه,بەرز
antonym,چاو,ڕەنگ,بیدار,خەواب
antonym,چاو,ڕەنگ,بەرز,پایین
antonym,چاو,ڕەنگ,تەما,کەله کەڵک
antonym,چاو,ڕەنگ,خۆش,ناراحە
antonym,چاو,ڕەنگ,رەحەمان,کەس
antonym,چاو,ڕەنگ,زۆر,کەم
antonym,چاو,ڕەنگ,سەرسام,بەرز
antonym,چاو,ڕەنگ,سەرەش,پەیاو
antonym,چاو,ڕەنگ,میشە,خۆش
antonym,چاو,ڕەنگ,نوێ,کەهنە
antonym,چاو,ڕەنگ,نەرم,کۆم
antonym,چاو,ڕەنگ,پاک,نەپاک
antonym,چاو,ڕەنگ,پێویست,نەپێویست
antonym,چاو,ڕەنگ,چاو,ڕەنگ
antonym,چاو,ڕەنگ,کوتاه,بەرز
antonym,کوتاه,بەرز,بیدار,خەواب
antonym,کوتاه,بەرز,بەشتەی,زەوی
antonym,کوتاه,بەرز,تەما,کەله کەڵک
antonym,کوتاه,بەرز,خۆش,ناراحە
antonym,کوتاه,بەرز,رەحەمان,کەس
antonym,کوتاه,بەرز,زۆر,کەم
antonym,کوتاه,بەرز,سەرسام,بەرز
antonym,کوتاه,بەرز,سەرەش,پەیاو
antonym,کوتاه,بەرز,میشە,خۆش
antonym,کوتاه,بەرز,نوێ,کەهنە
antonym,کوتاه,بەرز,نەرم,کۆم
antonym,کوتاه,بەرز,پاک,نەپاک
antonym,کوتاه,بەرز,پێویست,نەپێویست
antonym,کوتاه,بەرز,چاو,ڕەنگ
antonym,کوتاه,بەرز,کوتاه,بەرز
capital-common-countries,بەغدا,عێراق,ئاسلو,نەرویژ
capital-common-countries,بەغدا,عێراق,ئافلەن,سوریە
capital-common-countries,بەغدا,عێراق,ئاڵماټا,قازاقستان
capital-common-countries,بەغدا,عێراق,ئسڵۆ,سویدن
capital-common-countries,بەغدا,عێراق,ئیرکۆتسک,ڕووسیا
capital-common-countries,بەغدا,عێراق,ئیسلاماباد,پاکستان
capital-common-countries,بەغدا,عێراق,ئەربیل,عێراق
capital-common-countries,بەغدا,عێراق,ئەسڵۆ,نەرویژ
capital-common-countries,بەغدا,عێراق,ئەمستێردام,هۆڵەندا
capital-common-countries,بەغدا,عێراق,ئەمپێر,ئەمریکا
capital-common-countries,بەغدا,عێراق,ئەنقەرە,تورکیا
capital-common-countries,بەغدا,عێراق,ئەنگلاند,شانشینی بەریتانیا
capital-common-countries,بەغدا,عێراق,ئەڤین,فەرەنسا
capital-common-countries,بەغدا,عێراق,بارچیلۆنا,ئیسپانیا
capital-common-countries,بەغدا,عێراق,باغوی,ئورۆگوای
capital-common-countries,بەغدا,عێراق,بەخرەین,بەخرەین
capital-common-countries,بەغدا,عێراق,بەرلین,ئالمان
capital-common-countries,بەغدا,عێراق,بەرن,سوئیس
capital-common-countries,بەغدا,عێراق,بەروت,لوبنان
capital-common-countries,بەغدا,عێراق,بەشکێک,ڕومانیا
capital-common-countries,بەغدا,عێراق,بەغدا,عێراق
capital-common-countries,بەغدا,عێراق,بەیروت,لوبنان
capital-common-countries,بەغدا,عێراق,تاران,ئێران
capital-common-countries,بەغدا,عێراق,توکیۆ,ژاپۆن
capital-common-countries,بەغدا,عێراق,تۆرۆنتۆ,کانەدا
capital-common-countries,بەغدا,عێراق,دووبەی,ئەڵإمارات
capital-common-countries,بەغدا,عێراق,دۆحە,قەتەر
capital-common-countries,بەغدا,عێراق,رۆما,ئیتالیا
capital-common-countries,بەغدا,عێراق,ریاض,سەعوودیا
capital-common-countries,بەغدا,عێراق,سیئیل,شیلی
capital-common-countries,بەغدا,عێراق,قاهیرە,میسر
capital-common-countries,بەغدا,عێراق,مادرید,ئیسپانیا
capital-common-countries,بەغدا,عێراق,ماڵێ,مالت
capital-common-countries,بەغدا,عێراق,مۆسکو,ڕووسیا
capital-common-countries,بەغدا,عێراق,مەسکە,عمان
capital-common-countries,بەغدا,عێراق,نەپالی,کاتماندو
capital-common-countries,بەغدا,عێراق,پیکینگ,چین
capital-common-countries,بەغدا,عێراق,پەرت,ئوسترالیا
capital-common-countries,بەغدا,عێراق,پەریس,فەرەنسا
capital-common-countries,بەغدا,عێراق,کابل,ئەفغانستان
capital-common-countries,بەغدا,عێراق,کانبرا,ئوسترالیا
capital-common-countries,بەغدا,عێراق,کانبێرا,ئوسترالیا
capital-common-countries,بەغدا,عێراق,کراکس,ڤەنزوێلا
capital-common-countries,بەغدا,عێراق,کوالاڵەمپۇر,مالیزیا
capital-common-countries,بەغدا,عێراق,کۆبنهاگ,دانمارک
capital-common-countries,بەغدا,عێراق,کەیرو,میسر
capital-common-countries,بەغدا,عێراق,ۆاشینگتۆن,ئەمەریکا
gender,بووک,زاوا,بووک,زاوا
gender,بووک,زاوا,خوشک,برا
gender,بووک,زاوا,خوشکەزەن,برازەن
gender,بووک,زاوا,دایک,باوک
gender,بووک,زاوا,شاعەرە,شاعر
gender,بووک,زاوا,شهبانو,شاه
gender,بووک,زاوا,ملکه,پادشا
gender,بووک,زاوا,پرنسە,پرنس
gender,بووک,زاوا,ژن,پیاو
gender,بووک,زاوا,کچ,کور
gender,خوشک,برا,بووک,زاوا
gender,خوشک,برا,خوشک,برا
gender,خوشک,برا,دایک,باوک
gender,خوشک,برا,شاعەرە,شاعر
gender,خوشک,برا,شهبانو,شاه
gender,خوشک,برا,ملکه,پادشا
gender,خوشک,برا,پرنسە,پرنس
gender,خوشک,برا,ژن,پیاو
gender,خوشک,برا,کچ,کور
gender,دایک,باوک,بووک,زاوا
gender,دایک,باوک,خوشک,برا
gender,دایک,باوک,دایک,باوک
gender,دایک,باوک,شاعەرە,شاعر
gender,دایک,باوک,شهبانو,شاه
gender,دایک,باوک,ملکه,پادشا
gender,دایک,باوک,پرنسە,پرنس
gender,دایک,باوک,ژن,پیاو
gender,دایک,باوک,کچ,کور
gender,شاعەرە,شاعر,بووک,زاوا
gender,شاعەرە,شاعر,خوشک,برا
gender,شاعەرە,شاعر,دایک,باوک
gender,شاعەرە,شاعر,شاعەرە,شاعر
gender,شاعەرە,شاعر,شهبانو,شاه
gender,شاعەرە,شاعر,ملکه,پادشا
gender,شاعەرە,شاعر,پرنسە,پرنس
gender,شاعەرە,شاعر,ژن,شۆ
gender,شاعەرە,شاعر,ژن,پیاو
gender,شاعەرە,شاعر,کچ,کور
gender,شهبانو,شاه,بووک,زاوا
gender,شهبانو,شاه,خوشک,برا
gender,شهبانو,شاه,دایک,باوک
gender,شهبانو,شاه,شاعەرە,شاعر
gender,شهبانو,شاه,شهبانو,شاه
gender,شهبانو,شاه,ملکه,پادشا
gender,شهبانو,شاه,پرنسە,پرنس
gender,شهبانو,شاه,ژن,پیاو
gender,شهبانو,شاه,کچ,کور
gender,ملکه,پادشا,بووک,زاوا
gender,ملکه,پادشا,خوشک,برا
gender,ملکه,پادشا,دایک,باوک
gender,ملکه,پادشا,شاعەرە,شاعر
gender,ملکه,پادشا,شهبانو,شاه
gender,ملکه,پادشا,ملکه,پادشا
gender,ملکه,پادشا,پرنسە,پرنس
gender,ملکه,پادشا,ژن,پیاو
gender,ملکه,پادشا,کچ,کور
gender,پرنسە,پرنس,بووک,زاوا
gender,پرنسە,پرنس,خوشک,برا
gender,پرنسە,پرنس,دایک,باوک
gender,پرنسە,پرنس,دایکزەن,باوکزەن
gender,پرنسە,پرنس,شاعەرە,شاعر
gender,پرنسە,پرنس,شهبانو,شاه
gender,پرنسە,پرنس,ملکه,پادشا
gender,پرنسە,پرنس,پرنسە,پرنس
gender,پرنسە,پرنس,ژن,پیاو
gender,پرنسە,پرنس,کچ,کور
gender,ژن,پیاو,بووک,زاوا
gender,ژن,پیاو,خوشک,برا
gender,ژن,پیاو,دایک,باوک
gender,ژن,پیاو,شاعەرە,شاعر
gender,ژن,پیاو,شهبانو,شاه
gender,ژن,پیاو,ملکه,پادشا
gender,ژن,پیاو,پرنسە,پرنس
gender,ژن,پیاو,ژن,پیاو
gender,ژن,پیاو,کچ,کور
gender,کچ,کور,بووک,زاوا
gender,کچ,کور,خوشک,برا
gender,کچ,کور,دایک,باوک
gender,کچ,کور,شاعەرە,شاعر
gender,کچ,کور,شهبانو,شاه
gender,کچ,کور,ملکه,پادشا
gender,کچ,کور,پرنسە,پرنس
gender,کچ,کور,ژن,پیاو
gender,کچ,کور,کچ,کور
part-whole,ئەسپە,بەر,برگ,دار
part-whole,ئەسپە,بەر,دانە,بووکان
part-whole,ئەسپە,بەر,دەرگایە,کلیلە
part-whole,ئەسپە,بەر,شاخە,دار
part-whole,ئەسپە,بەر,لێو,دەست
part-whole,ئەسپە,بەر,موو,مەزنەوە
part-whole,ئەسپە,بەر,پایە,میز
part-whole,ئەسپە,بەر,پەلە,خانه‌،
part-whole,ئەسپە,بەر,پەنجەره,خانوو
part-whole,ئەسپە,بەر,پەیگە,زەنگ
part-whole,ئەسپە,بەر,چاو,بەر
part-whole,ئەسپە,بەر,چاو,بەر،گوش
part-whole,ئەسپە,بەر,چرخ,ماشین
part-whole,ئەسپە,بەر,چەرخە,دووچرخه
part-whole,ئەسپە,بەر,ڕوونیە,نوێزۆریە
part-whole,ئەسپە,بەر,کلیل,پیانۆ
part-whole,ئەسپە,بەر,گل,بووکان
part-whole,ئەسپە,بەر,گوڵ,بووکان
part-whole,برگ,دار,ئەسپە,بەر
part-whole,برگ,دار,برگ,دار
part-whole,برگ,دار,دانە,بووکان
part-whole,برگ,دار,دەرگایە,کلیلە
part-whole,برگ,دار,شاخە,دار
part-whole,برگ,دار,لووت,وچو
part-whole,برگ,دار,لێو,دەست
part-whole,برگ,دار,موو,مەزنەوە
part-whole,برگ,دار,پایە,میز
part-whole,برگ,دار,پەلە,خانه‌،
part-whole,برگ,دار,پەنجەره,خانوو
part-whole,برگ,دار,چاو,بەر
part-whole,برگ,دار,چاو,بەر،گوش
part-whole,برگ,دار,چرخ,ماشین
part-whole,برگ,دار,چەرخە,دووچرخه
part-whole,برگ,دار,ڕوونیە,نوێزۆریە
part-whole,برگ,دار,کلیل,پیانۆ
part-whole,برگ,دار,گل,بووکان
part-whole,برگ,دار,گوڵ,بووکان
part-whole,دانە,بووکان,ئەسپە,بەر
part-whole,دانە,بووکان,برگ,دار
part-whole,دانە,بووکان,دەرگایە,کلیلە
part-whole,دانە,بووکان,شاخە,دار
part-whole,دانە,بووکان,لێو,دەست
part-whole,دانە,بووکان,موو,مەزنەوە
part-whole,دانە,بووکان,پایە,میز
part-whole,دانە,بووکان,پەلە,خانه‌،
part-whole,دانە,بووکان,پەنجە,پێ
part-whole,دانە,بووکان,پەنجەره,خانوو
part-whole,دانە,بووکان,چاو,بەر
part-whole,دانە,بووکان,چاو,بەر،گوش
part-whole,دانە,بووکان,چرخ,ماشین
part-whole,دانە,بووکان,چەرخە,دووچرخه
part-whole,دانە,بووکان,ڕوونیە,نوێزۆریە
part-whole,دانە,بووکان,کلیل,پیانۆ
part-whole,دانە,بووکان,گل,بووکان
part-whole,دانە,بووکان,گوڵ,بووکان
part-whole,دەرگایە,کلیلە,ئەسپە,بەر
part-whole,دەرگایە,کلیلە,برگ,دار
part-whole,دەرگایە,کلیلە,دانە,بووکان
part-whole,دەرگایە,کلیلە,رەجە,دەرگا
part-whole,دەرگایە,کلیلە,شاخە,دار
part-whole,دەرگایە,کلیلە,لێو,دەست
part-whole,دەرگایە,کلیلە,موو,مەزنەوە
part-whole,دەرگایە,کلیلە,پایە,میز
part-whole,دەرگایە,کلیلە,پەلە,خانه‌،
part-whole,دەرگایە,کلیلە,پەنجەره,خانوو
part-whole,دەرگایە,کلیلە,چاو,بەر
part-whole,دەرگایە,کلیلە,چاو,بەر،گوش
part-whole,دەرگایە,کلیلە,چرخ,ماشین
part-whole,دەرگایە,کلیلە,چەرخە,دووچرخه
part-whole,دەرگایە,کلیلە,ڕوونیە,نوێزۆریە
part-whole,دەرگایە,کلیلە,کلیل,پیانۆ
part-whole,دەرگایە,کلیلە,گل,بووکان
part-whole,دەرگایە,کلیلە,گوڵ,بووکان
part-whole,شاخە,دار,ئەسپە,بەر
part-whole,شاخە,دار,برگ,دار
part-whole,شاخە,دار,دانە,بووکان
part-whole,شاخە,دار,دەرگایە,کلیلە
part-whole,شاخە,دار,ریشە,دار
part-whole,شاخە,دار,شاخە,دار
part-whole,شاخە,دار,لێو,دەست
part-whole,شاخە,دار,موو,مەزنەوە
part-whole,شاخە,دار,پایە,میز
part-whole,شاخە,دار,پەلە,خانه‌،
part-whole,شاخە,دار,پەنجەره,خانوو
part-whole,شاخە,دار,چاو,بەر
part-whole,شاخە,دار,چاو,بەر،گوش
part-whole,شاخە,دار,چرخ,ماشین
part-whole,شاخە,دار,چەرخە,دووچرخه
part-whole,شاخە,دار,ڕوونیە,نوێزۆریە
part-whole,شاخە,دار,کلیل,پیانۆ
part-whole,شاخە,دار,گل,بووکان
part-whole,شاخە,دار,گوڵ,بووکان
part-whole,لێو,دەست,ئەسپە,بەر
part-whole,لێو,دەست,برگ,دار
part-whole,لێو,دەست,دانە,بووکان
part-whole,لێو,دەست,دەرگایە,کلیلە
part-whole,لێو,دەست,شاخە,دار
part-whole,لێو,دەست,لێوە,دەستە
part-whole,لێو,دەست,موو,مەزنەوە
part-whole,لێو,دەست,پایە,میز
part-whole,لێو,دەست,پەلە,خانه‌،
part-whole,لێو,دەست,پەنجەره,خانوو
part-whole,لێو,دەست,چاو,بەر
part-whole,لێو,دەست,چاو,بەر،گوش
part-whole,لێو,دەست,چرخ,ماشین
part-whole,لێو,دەست,چەرخە,دووچرخه
part-whole,لێو,دەست,ڕوونیە,نوێزۆریە
part-whole,لێو,دەست,کلیل,پیانۆ
part-whole,لێو,دەست,گل,بووکان
part-whole,لێو,دەست,گوڵ,بووکان
part-whole,موو,مەزنەوە,ئەسپە,بەر
part-whole,موو,مەزنەوە,برگ,دار
part-whole,موو,مەزنەوە,دانە,بووکان
part-whole,موو,مەزنەوە,دەرگایە,کلیلە
part-whole,موو,مەزنەوە,شاخە,دار
part-whole,موو,مەزنەوە,لێو,دەست
part-whole,موو,مەزنەوە,پایە,میز
part-whole,موو,مەزنەوە,پەلە,خانه‌،
part-whole,موو,مەزنەوە,پەنجەره,خانوو
part-whole,موو,مەزنەوە,چاو,بەر
part-whole,موو,مەزنەوە,چاو,بەر،گوش
part-whole,موو,مەزنەوە,چاو,گور
part-whole,موو,مەزنەوە,چرخ,ماشین
part-whole,موو,مەزنەوە,چەرخە,دووچرخه
part-whole,موو,مەزنەوە,ڕوونیە,نوێزۆریە
part-whole,موو,مەزنەوە,کلیل,پیانۆ
part-whole,موو,مەزنەوە,گل,بووکان
part-whole,موو,مەزنەوە,گوڵ,بووکان
part-whole,پایە,میز,ئەسپە,بەر
part-whole,پایە,میز,برگ,دار
part-whole,پایە,میز,دانە,بووکان
part-whole,پایە,میز,دەرگایە,کلیلە
part-whole,پایە,میز,شاخە,دار
part-whole,پایە,میز,لێو,دەست
part-whole,پایە,میز,موو,مەزنەوە
part-whole,پایە,میز,پەلە,خانه‌،
part-whole,پایە,میز,پەنجەره,خانوو
part-whole,پایە,میز,چاخە,تختە
part-whole,پایە,میز,چاو,بەر
part-whole,پایە,میز,چاو,بەر،گوش
part-whole,پایە,میز,چرخ,ماشین
part-whole,پایە,میز,چەرخە,دووچرخه
part-whole,پایە,میز,ڕوونیە,نوێزۆریە
part-whole,پایە,میز,کلیل,پیانۆ
part-whole,پایە,میز,گل,بووکان
part-whole,پایە,میز,گوڵ,بووکان
part-whole,پەلە,خانه‌،,ئەسپە,بەر
part-whole,پەلە,خانه‌،,برگ,دار
part-whole,پەلە,خانه‌،,دانە,بووکان
part-whole,پەلە,خانه‌،,دەرگایە,کلیلە
part-whole,پەلە,خانه‌،,شاخە,دار
part-whole,پەلە,خانه‌،,لێو,دەست
part-whole,پەلە,خانه‌،,موو,مەزنەوە
part-whole,پەلە,خانه‌،,پایە,میز
part-whole,پەلە,خانه‌،,پەنجەره,خانوو
part-whole,پەلە,خانه‌،,چاو,بەر
part-whole,پەلە,خانه‌،,چاو,بەر،گوش
part-whole,پەلە,خانه‌،,چرخ,ماشین
part-whole,پەلە,خانه‌،,چەرخە,دووچرخه
part-whole,پەلە,خانه‌،,ڕوونیە,نوێزۆریە
part-whole,پەلە,خانه‌،,کلیل,پیانۆ
part-whole,پەلە,خانه‌،,گل,بووکان
part-whole,پەلە,خانه‌،,گوڵ,بووکان
part-whole,پەنجەره,خانوو,ئەسپە,بەر
part-whole,پەنجەره,خانوو,برگ,دار
part-whole,پەنجەره,خانوو,دانە,بووکان
part-whole,پەنجەره,خانوو,دەرگایە,کلیلە
part-whole,پەنجەره,خانوو,دەم,بەر
part-whole,پەنجەره,خانوو,شاخە,دار
part-whole,پەنجەره,خانوو,لێو,دەست
part-whole,پەنجەره,خانوو,موو,مەزنەوە
part-whole,پەنجەره,خانوو,پایە,میز
part-whole,پەنجەره,خانوو,پەلە,خانه‌،
part-whole,پەنجەره,خانوو,چاو,بەر
part-whole,پەنجەره,خانوو,چاو,بەر،گوش
part-whole,پەنجەره,خانوو,چرخ,ماشین
part-whole,پەنجەره,خانوو,چەرخە,دووچرخه
part-whole,پەنجەره,خانوو,ڕوونیە,نوێزۆریە
part-whole,پەنجەره,خانوو,کلیل,پیانۆ
part-whole,پەنجەره,خانوو,گل,بووکان
part-whole,پەنجەره,خانوو,گوڵ,بووکان
part-whole,چاو,بەر,ئەسپە,بەر
part-whole,چاو,بەر,برگ,دار
part-whole,چاو,بەر,دانە,بووکان
part-whole,چاو,بەر,دەرگایە,کلیلە
part-whole,چاو,بەر,شاخە,دار
part-whole,چاو,بەر,لێو,دەست
part-whole,چاو,بەر,موو,مەزنەوە
part-whole,چاو,بەر,پایە,میز
part-whole,چاو,بەر,پەلە,خانه‌،
part-whole,چاو,بەر,پەنجەره,خانوو
part-whole,چاو,بەر,چاو,بەر،گوش
part-whole,چاو,بەر,چرخ,ماشین
part-whole,چاو,بەر,چەرخە,دووچرخه
part-whole,چاو,بەر,ڕوونیە,نوێزۆریە
part-whole,چاو,بەر,کلیل,پیانۆ
part-whole,چاو,بەر,گل,بووکان
part-whole,چاو,بەر,گوش,سر
part-whole,چاو,بەر,گوڵ,بووکان
part-whole,چاو,بەر،گوش,ئەسپە,بەر
part-whole,چاو,بەر،گوش,برگ,دار
part-whole,چاو,بەر،گوش,دانە,بووکان
part-whole,چاو,بەر،گوش,دەرگایە,کلیلە
part-whole,چاو,بەر،گوش,شاخە,دار
part-whole,چاو,بەر،گوش,لێو,دەست
part-whole,چاو,بەر،گوش,موو,مەزنەوە
part-whole,چاو,بەر،گوش,پایە,میز
part-whole,چاو,بەر،گوش,پەلە,خانه‌،
part-whole,چاو,بەر،گوش,پەنجەره,خانوو
part-whole,چاو,بەر،گوش,چاو,بەر
part-whole,چاو,بەر،گوش,چرخ,ماشین
part-whole,چاو,بەر،گوش,چەرخە,دووچرخه
part-whole,چاو,بەر،گوش,ڕوونیە,نوێزۆریە
part-whole,چاو,بەر،گوش,کلیل,پیانۆ
part-whole,چاو,بەر،گوش,گل,بووکان
part-whole,چاو,بەر،گوش,گوڵ,بووکان
part-whole,چاو,بەر،گوش,گەورە,
part-whole,چرخ,ماشین,ئەسپە,بەر
part-whole,چرخ,ماشین,برگ,دار
part-whole,چرخ,ماشین,دانە,بووکان
part-whole,چرخ,ماشین,دەرگایە,کلیلە
part-whole,چرخ,ماشین,شاخە,دار
part-whole,چرخ,ماشین,لێو,دەست
part-whole,چرخ,ماشین,موو,مەزنەوە
part-whole,چرخ,ماشین,پایە,میز
part-whole,چرخ,ماشین,پەلە,خانه‌،
part-whole,چرخ,ماشین,پەنجەره,خانوو
part-whole,چرخ,ماشین,پەڕە,کتێب
part-whole,چرخ,ماشین,چاو,بەر
part-whole,چرخ,ماشین,چاو,بەر،گوش
part-whole,چرخ,ماشین,چەرخە,دووچرخه
part-whole,چرخ,ماشین,ڕوونیە,نوێزۆریە
part-whole,چرخ,ماشین,کلیل,پیانۆ
part-whole,چرخ,ماشین,گل,بووکان
part-whole,چرخ,ماشین,گوڵ,بووکان
part-whole,چەرخە,دووچرخه,ئەسپە,بەر
part-whole,چەرخە,دووچرخه,برگ,دار
part-whole,چەرخە,دووچرخه,دانە,بووکان
part-whole,چەرخە,دووچرخه,دەرگایە,کلیلە
part-whole,چەرخە,دووچرخه,شاخە,دار
part-whole,چەرخە,دووچرخه,لێو,دەست
part-whole,چەرخە,دووچرخه,موو,مەزنەوە
part-whole,چەرخە,دووچرخه,پایە,میز
part-whole,چەرخە,دووچرخه,پەلە,خانه‌،
part-whole,چەرخە,دووچرخه,پەنجە,پێ
part-whole,چەرخە,دووچرخه,پەنجەره,خانوو
part-whole,چەرخە,دووچرخه,چاو,بەر
part-whole,چەرخە,دووچرخه,چاو,بەر،گوش
part-whole,چەرخە,دووچرخه,چرخ,ماشین
part-whole,چەرخە,دووچرخه,ڕوونیە,نوێزۆریە
part-whole,چەرخە,دووچرخه,کلیل,پیانۆ
part-whole,چەرخە,دووچرخه,گل,بووکان
part-whole,چەرخە,دووچرخه,گوڵ,بووکان
part-whole,ڕوونیە,نوێزۆریە,ئەسپە,بەر
part-whole,ڕوونیە,نوێزۆریە,برگ,دار
part-whole,ڕوونیە,نوێزۆریە,دانە,بووکان
part-whole,ڕوونیە,نوێزۆریە,دەرگایە,کلیلە
part-whole,ڕوونیە,نوێزۆریە,شاخە,دار
part-whole,ڕوونیە,نوێزۆریە,لێو,دەست
part-whole,ڕوونیە,نوێزۆریە,موو,مەزنەوە
part-whole,ڕوونیە,نوێزۆریە,پایە,میز
part-whole,ڕوونیە,نوێزۆریە,پەرچە,کتێب
part-whole,ڕوونیە,نوێزۆریە,پەلە,خانه‌،
part-whole,ڕوونیە,نوێزۆریە,پەنجەره,خانوو
part-whole,ڕوونیە,نوێزۆریە,چاو,بەر
part-whole,ڕوونیە,نوێزۆریە,چاو,بەر،گوش
part-whole,ڕوونیە,نوێزۆریە,چرخ,ماشین
part-whole,ڕوونیە,نوێزۆریە,چەرخە,دووچرخه
part-whole,ڕوونیە,نوێزۆریە,کلیل,پیانۆ
part-whole,ڕوونیە,نوێزۆریە,گل,بووکان
part-whole,ڕوونیە,نوێزۆریە,گوڵ,بووکان
part-whole,کلیل,پیانۆ,ئەسپە,بەر
part-whole,کلیل,پیانۆ,برگ,دار
part-whole,کلیل,پیانۆ,برگ,فۆڵدر
part-whole,کلیل,پیانۆ,دانە,بووکان
part-whole,کلیل,پیانۆ,دەرگایە,کلیلە
part-whole,کلیل,پیانۆ,شاخە,دار
part-whole,کلیل,پیانۆ,لێو,دەست
part-whole,کلیل,پیانۆ,موو,مەزنەوە
part-whole,کلیل,پیانۆ,پایە,میز
part-whole,کلیل,پیانۆ,پەلە,خانه‌،
part-whole,کلیل,پیانۆ,پەنجەره,خانوو
part-whole,کلیل,پیانۆ,چاو,بەر
part-whole,کلیل,پیانۆ,چاو,بەر،گوش
part-whole,کلیل,پیانۆ,چرخ,ماشین
part-whole,کلیل,پیانۆ,چەرخە,دووچرخه
part-whole,کلیل,پیانۆ,ڕوونیە,نوێزۆریە
part-whole,کلیل,پیانۆ,گل,بووکان
part-whole,کلیل,پیانۆ,گوڵ,بووکان
part-whole,گل,بووکان,ئەسپە,بەر
part-whole,گل,بووکان,برگ,دار
part-whole,گل,بووکان,دانە,بووکان
part-whole,گل,بووکان,دەرگایە,کلیلە
part-whole,گل,بووکان,ریشە,بووکان
part-whole,گل,بووکان,شاخە,دار
part-whole,گل,بووکان,لێو,دەست
part-whole,گل,بووکان,موو,مەزنەوە
part-whole,گل,بووکان,پایە,میز
part-whole,گل,بووکان,پەلە,خانه‌،
part-whole,گل,بووکان,پەنجەره,خانوو
part-whole,گل,بووکان,چاو,بەر
part-whole,گل,بووکان,چاو,بەر،گوش
part-whole,گل,بووکان,چرخ,ماشین
part-whole,گل,بووکان,چەرخە,دووچرخه
part-whole,گل,بووکان,ڕوونیە,نوێزۆریە
part-whole,گل,بووکان,کلیل,پیانۆ
part-whole,گل,بووکان,گوڵ,بووکان
part-whole,گوڵ,بووکان,ئەسپە,بەر
part-whole,گوڵ,بووکان,برگ,دار
part-whole,گوڵ,بووکان,دانە,بووکان
part-whole,گوڵ,بووکان,دەرگایە,کلیلە
part-whole,گوڵ,بووکان,دەست,جەستە
part-whole,گوڵ,بووکان,شاخە,دار
part-whole,گوڵ,بووکان,لێو,دەست
part-whole,گوڵ,بووکان,موو,مەزنەوە
part-whole,گوڵ,بووکان,پایە,میز
part-whole,گوڵ,بووکان,پەلە,خانه‌،
part-whole,گوڵ,بووکان,پەنجەره,خانوو
part-whole,گوڵ,بووکان,چاو,بەر
part-whole,گوڵ,بووکان,چاو,بەر،گوش
part-whole,گوڵ,بووکان,چرخ,ماشین
part-whole,گوڵ,بووکان,چەرخە,دووچرخه
part-whole,گوڵ,بووکان,ڕوونیە,نوێزۆریە
part-whole,گوڵ,بووکان,کلیل,پیانۆ
part-whole,گوڵ,بووکان,گل,بووکان
past-first-person-second-person,بردم,بردی,بردم,بردی
past-first-person-second-person,بردم,بردی,خریدم,خریدی
past-first-person-second-person,بردم,بردی,خواردم,خواردی
past-first-person-second-person,بردم,بردی,داخستم,داخستی
past-first-person-second-person,بردم,بردی,نووسم,نووسی
past-first-person-second-person,بردم,بردی,پرسم,پرسی
past-first-person-second-person,بردم,بردی,پیدام,پیدای
past-first-person-second-person,بردم,بردی,پەسەندم,پەسەندی
past-first-person-second-person,بردم,بردی,چوم,چوی
past-first-person-second-person,بردم,بردی,گوتم,گوتی
past-first-person-second-person,بردم,بردی,گەیشتم,گەیشتی
past-first-person-second-person,خریدم,خریدی,بردم,بردی
past-first-person-second-person,خریدم,خریدی,خریدم,خریدی
past-first-person-second-person,خریدم,خریدی,خواردم,خواردی
past-first-person-second-person,خریدم,خریدی,داخستم,داخستی
past-first-person-second-person,خریدم,خریدی,نووسم,نووسی
past-first-person-second-person,خریدم,خریدی,هاتم,هاتی
past-first-person-second-person,خریدم,خریدی,پرسم,پرسی
past-first-person-second-person,خریدم,خریدی,پیدام,پیدای
past-first-person-second-person,خریدم,خریدی,پەسەندم,پەسەندی
past-first-person-second-person,خریدم,خریدی,چوم,چوی
past-first-person-second-person,خریدم,خریدی,گەیشتم,گەیشتی
past-first-person-second-person,خواردم,خواردی,بردم,بردی
past-first-person-second-person,خواردم,خواردی,خریدم,خریدی
past-first-person-second-person,خواردم,خواردی,خواردم,خواردی
past-first-person-second-person,خواردم,خواردی,داخستم,داخستی
past-first-person-second-person,خواردم,خواردی,نووسم,نووسی
past-first-person-second-person,خواردم,خواردی,هاتم,هاتی
past-first-person-second-person,خواردم,خواردی,پرسم,پرسی
past-first-person-second-person,خواردم,خواردی,پشکم,پشکی
past-first-person-second-person,خواردم,خواردی,پیدام,پیدای
past-first-person-second-person,خواردم,خواردی,پەسەندم,پەسەندی
past-first-person-second-person,داخستم,داخستی,بردم,بردی
past-first-person-second-person,داخستم,داخستی,خریدم,خریدی
past-first-person-second-person,داخستم,داخستی,خواردم,خواردی
past-first-person-second-person,داخستم,داخستی,داخستم,داخستی
past-first-person-second-person,داخستم,داخستی,دانم,دانی
past-first-person-second-person,داخستم,داخستی,نووسم,نووسی
past-first-person-second-person,داخستم,داخستی,هاتم,هاتی
past-first-person-second-person,داخستم,داخستی,پرسم,پرسی
past-first-person-second-person,داخستم,داخستی,پیدام,پیدای
past-first-person-second-person,داخستم,داخستی,پەسەندم,پەسەندی
past-first-person-second-person,داخستم,داخستی,کردم,کردی
past-first-person-second-person,داخستم,داخستی,گوتم,گوتی
past-first-person-second-person,نووسم,نووسی,بردم,بردی
past-first-person-second-person,نووسم,نووسی,خریدم,خریدی
past-first-person-second-person,نووسم,نووسی,خواردم,خواردی
past-first-person-second-person,نووسم,نووسی,داخستم,داخستی
past-first-person-second-person,نووسم,نووسی,نووسم,نووسی
past-first-person-second-person,نووسم,نووسی,پرسم,پرسی
past-first-person-second-person,نووسم,نووسی,پیدام,پیدای
past-first-person-second-person,نووسم,نووسی,پەسەندم,پەسەندی
past-first-person-second-person,نووسم,نووسی,چوم,چوی
past-first-person-second-person,نووسم,نووسی,کردم,کردی
past-first-person-second-person,نووسم,نووسی,گوتم,گوتی
past-first-person-second-person,پرسم,پرسی,بردم,بردی
past-first-person-second-person,پرسم,پرسی,خریدم,خریدی
past-first-person-second-person,پرسم,پرسی,خواردم,خواردی
past-first-person-second-person,پرسم,پرسی,داخستم,داخستی
past-first-person-second-person,پرسم,پرسی,نووسم,نووسی
past-first-person-second-person,پرسم,پرسی,پرسم,پرسی
past-first-person-second-person,پرسم,پرسی,پیدام,پیدای
past-first-person-second-person,پرسم,پرسی,پەسەندم,پەسەندی
past-first-person-second-person,پرسم,پرسی,چوم,چوی
past-first-person-second-person,پیدام,پیدای,بردم,بردی
past-first-person-second-person,پیدام,پیدای,خریدم,خریدی
past-first-person-second-person,پیدام,پیدای,خواردم,خواردی
past-first-person-second-person,پیدام,پیدای,داخستم,داخستی
past-first-person-second-person,پیدام,پیدای,نووسم,نووسی
past-first-person-second-person,پیدام,پیدای,پرسم,پرسی
past-first-person-second-person,پیدام,پیدای,پیدام,پیدای
past-first-person-second-person,پیدام,پیدای,پەسەندم,پەسەندی
past-first-person-second-person,پیدام,پیدای,چوم,چوی
past-first-person-second-person,پیدام,پیدای,گوتم,گوتی
past-first-person-second-person,پەسەندم,پەسەندی,بردم,بردی
past-first-person-second-person,پەسەندم,پەسەندی,خریدم,خریدی
past-first-person-second-person,پەسەندم,پەسەندی,خواردم,خواردی
past-first-person-second-person,پەسەندم,پەسەندی,داخستم,داخستی
past-first-person-second-person,پەسەندم,پەسەندی,نووسم,نووسی
past-first-person-second-person,پەسەندم,پەسەندی,پرسم,پرسی
past-first-person-second-person,پەسەندم,پەسەندی,پیدام,پیدای
past-first-person-second-person,پەسەندم,پەسەندی,پەسەندم,پەسەندی
past-first-person-second-person,پەسەندم,پەسەندی,چوم,چوی
past-first-person-second-person,پەسەندم,پەسەندی,گوتم,گوتی
past-first-person-second-person-plural,گەیشتین,گەیشتن,بردین,بردن
past-first-person-second-person-plural,گەیشتین,گەیشتن,تۆمارکردن,تۆمارکردن
past-first-person-second-person-plural,گەیشتین,گەیشتن,خاندن,خاندن
past-first-person-second-person-plural,گەیشتین,گەیشتن,خواردن,خواردن
past-first-person-second-person-plural,گەیشتین,گەیشتن,خواردنەوە,خواردنەوە
past-first-person-second-person-plural,گەیشتین,گەیشتن,دابینکردن,دابینکردن
past-first-person-second-person-plural,گەیشتین,گەیشتن,داخستین,داخستن
past-first-person-second-person-plural,گەیشتین,گەیشتن,دانی,دانن
past-first-person-second-person-plural,گەیشتین,گەیشتن,دانیەوە,داننەوە
past-first-person-second-person-plural,گەیشتین,گەیشتن,داگیرسانین,داگیرسانن
past-first-person-second-person-plural,گەیشتین,گەیشتن,دوویدن,دوویدن
past-first-person-second-person-plural,گەیشتین,گەیشتن,دەرچوون,دەرچون
past-first-person-second-person-plural,گەیشتین,گەیشتن,دەستپێکردن,دەستپێکردن
past-first-person-second-person-plural,گەیشتین,گەیشتن,شوون,شوون
past-first-person-second-person-plural,گەیشتین,گەیشتن,شکانین,شکانن
past-first-person-second-person-plural,گەیشتین,گەیشتن,فڕین,فڕن
past-first-person-second-person-plural,گەیشتین,گەیشتن,فەرموودین,فەرموودن
past-first-person-second-person-plural,گەیشتین,گەیشتن,نوستن,نوستن
past-first-person-second-person-plural,گەیشتین,گەیشتن,نووستن,نووستن
past-first-person-second-person-plural,گەیشتین,گەیشتن,نووسین,نووسن
past-first-person-second-person-plural,گەیشتین,گەیشتن,هاتنەوە,هاتنەوە
past-first-person-second-person-plural,گەیشتین,گەیشتن,هاتین,هاتن
past-first-person-second-person-plural,گەیشتین,گەیشتن,هەڵدان,هەڵدان
past-first-person-second-person-plural,گەیشتین,گەیشتن,هەڵچوون,هەڵچون
past-first-person-second-person-plural,گەیشتین,گەیشتن,هەڵگرتن,هەڵگرتن
past-first-person-second-person-plural,گەیشتین,گەیشتن,پشکنین,پشکنن
past-first-person-second-person-plural,گەیشتین,گەیشتن,پڕکردنەوە,پڕکردنەوە
past-first-person-second-person-plural,گەیشتین,گەیشتن,چوون,چون
past-first-person-second-person-plural,گەیشتین,گەیشتن,چوونەژور,چوونەژور
past-first-person-second-person-plural,گەیشتین,گەیشتن,ڕاکێشان,ڕاکێشان
past-first-person-second-person-plural,گەیشتین,گەیشتن,کردنەسەر,کردنەسەر
past-first-person-second-person-plural,گەیشتین,گەیشتن,کردنەوە,کردنەوە
past-first-person-second-person-plural,گەیشتین,گەیشتن,کڕین,کڕن
past-first-person-second-person-plural,گەیشتین,گەیشتن,کێشانەوە,کێشانەوە
past-first-person-second-person-plural,گەیشتین,گەیشتن,گرتن,گرتن
past-first-person-second-person-plural,گەیشتین,گەیشتن,گواستنەوە,گواستنەوە
past-first-person-second-person-plural,گەیشتین,گەیشتن,گەڕانین,گەڕانن
past-first-person-second-person-plural,گەیشتین,گەیشتن,گەڕاوە,گەڕاون
past-first-person-second-person-plural,گەیشتین,گەیشتن,گەیشتین,گەیشتن
plural-regular,ئاسمان,ئاسمانەکان,بەرز,بەرزەکان
plural-regular,ئاسمان,ئاسمانەکان,هەور,هەورەکان
plural-regular,ئاسمان,ئاسمانەکان,گوڵ,گوڵەکان
plural-regular,ئافرەت,ئافرەتەکان,گەل,گەلەکان
plural-regular,ئاویەڕ,ئاویەڕەکان,ناوچە,ناوچەکان
plural-regular,ئاویەڕ,ئاویەڕەکان,هەڵۆپە,هەڵۆپەکان
plural-regular,ئاڤاوە,ئاڤاوەکان,بەرز,بەرزەکان
plural-regular,ئاڤاوە,ئاڤاوەکان,پشیلە,پشیلەکان
plural-regular,ئاگر,ئاگرەکان,باران,بارانەکان
plural-regular,ئاگر,ئاگرەکان,بەرز,بەرزەکان
plural-regular,ئاگر,ئاگرەکان,ناوچە,ناوچەکان
plural-regular,ئاگر,ئاگرەکان,چای,چایەکان
plural-regular,ئاڵۆز,ئاڵۆزەکان,ئاسمان,ئاسمانەکان
plural-regular,ئاڵۆز,ئاڵۆزەکان,باران,بارانەکان
plural-regular,ئوتۆمبێل,ئوتۆمبێلەکان,پەپول,پەپولەکان
plural-regular,ئوتۆمبێل,ئوتۆمبێلەکان,پەڕە,پەڕەکان
plural-regular,ئوتۆمبێل,ئوتۆمبێلەکان,چای,چایەکان
plural-regular,ئوتۆمبێل,ئوتۆمبێلەکان,گوڵ,گوڵەکان
plural-regular,باران,بارانەکان,بەفر,بەفرەکان
plural-regular,باران,بارانەکان,شەم,شەمەکان
plural-regular,باران,بارانەکان,پشیلە,پشیلەکان
plural-regular,باران,بارانەکان,گوڵ,گوڵەکان
plural-regular,بەرز,بەرزەکان,پشیلە,پشیلەکان
plural-regular,بەرز,بەرزەکان,چای,چایەکان
plural-regular,بەرگە,بەرگەکان,بەرز,بەرزەکان
plural-regular,بەرگە,بەرگەکان,پەلەنگ,پەلەنگەکان
plural-regular,بەفر,بەفرەکان,ئاسمان,ئاسمانەکان
plural-regular,بەفر,بەفرەکان,شاخ,شاخەکان
plural-regular,بەنداو,بەنداوەکان,ئاسمان,ئاسمانەکان
plural-regular,بەنداو,بەنداوەکان,گوڵ,گوڵەکان
plural-regular,بەنداوی,بەنداوەکان,هەور,هەورەکان
plural-regular,بەنداوی,بەنداوەکان,گوڵ,گوڵەکان
plural-regular,خۆڕئۆ,خۆڕئۆکان,هەرمێ,هەرمەکان
plural-regular,خۆڕئۆ,خۆڕئۆکان,پشیلە,پشیلەکان
plural-regular,خۆڕئۆ,خۆڕئۆکان,گول,گولەکان
plural-regular,دەریا,دەریاکان,شاخ,شاخەکان
plural-regular,دەریا,دەریاکان,پایە,پایەکان
plural-regular,زەوی,زەوەکان,بەرز,بەرزەکان
plural-regular,زەوی,زەوەکان,پەلەنگ,پەلەنگەکان
plural-regular,شاخ,شاخەکان,ئاڵۆز,ئاڵۆزەکان
plural-regular,شاخ,شاخەکان,ناوچە,ناوچەکان
plural-regular,شار,شارەکان,ئاڵۆز,ئاڵۆزەکان
plural-regular,شار,شارەکان,شاخ,شاخەکان
plural-regular,شار,شارەکان,چای,چایەکان
plural-regular,شار,شارەکان,گوڵ,گوڵەکان
plural-regular,شارەوانی,شارەوانەکان,ئاسمان,ئاسمانەکان
plural-regular,شارەوانی,شارەوانەکان,ئاویەڕ,ئاویەڕەکان
plural-regular,شارەوانی,شارەوانەکان,ناسە,ناسەکان
plural-regular,شارەوانی,شارەوانەکان,پشیلە,پشیلەکان
plural-regular,شەم,شەمەکان,شار,شارەکان
plural-regular,شەم,شەمەکان,ماڵ,ماڵەکان
plural-regular,شەپۆل,شەپۆلەکان,ئاگر,ئاگرەکان
plural-regular,شەپۆل,شەپۆلەکان,پاشەکەوت,پاشەکەوتەکان
plural-regular,قەڵا,قەڵاکان,زەوی,زەوەکان
plural-regular,قەڵا,قەڵاکان,پەلەنگ,پەلەنگەکان
plural-regular,ماڵ,ماڵەکان,ئاسمان,ئاسمانەکان
plural-regular,ماڵ,ماڵەکان,پەڕە,پەڕەکان
plural-regular,مۆبایل,مۆبایلەکان,ئوتۆمبێل,ئوتۆمبێلەکان
plural-regular,مۆبایل,مۆبایلەکان,پشیلە,پشیلەکان
plural-regular,مۆبایل,مۆبایلەکان,کەڵەشین,کەڵەشینەکان
plural-regular,مۆبایل,مۆبایلەکان,گەرمی,گەرمیەکان
plural-regular,ناسە,ناسەکان,باران,بارانەکان
plural-regular,ناسە,ناسەکان,شەم,شەمەکان
plural-regular,ناوچە,ناوچەکان,ئاگر,ئاگرەکان
plural-regular,ناوچە,ناوچەکان,زەوی,زەوەکان
plural-regular,ناوچە,ناوچەکان,شار,شارەکان
plural-regular,ناوچە,ناوچەکان,پەنجەرە,پەنجەرەکان
plural-regular,هەور,هەورەکان,باران,بارانەکان
plural-regular,هەور,هەورەکان,شەم,شەمەکان
plural-regular,پشیلە,پشیلەکان,زەردەڵۆ,زەردەڵۆکان
plural-regular,پشیلە,پشیلەکان,ماڵ,ماڵەکان
plural-regular,پەلەنگ,پەلەنگەکان,ئاسمان,ئاسمانەکان
plural-regular,پەلەنگ,پەلەنگەکان,بەنداوی,بەنداوەکان
plural-regular,پەلەنگ,پەلەنگەکان,زەوی,زەوەکان
plural-regular,پەلەنگ,پەلەنگەکان,قەڵا,قەڵاکان
plural-regular,پەنجەرە,پەنجەرەکان,ئاسمان,ئاسمانەکان
plural-regular,پەنجەرە,پەنجەرەکان,ماڵ,ماڵەکان
plural-regular,پەڕە,پەڕەکان,شار,شارەکان
plural-regular,پەڕە,پەڕەکان,چای,چایەکان
plural-regular,پەیوەندی,پەیوەندیەکان,ئەندام,ئەندامەکان
plural-regular,پەیوەندی,پەیوەندیەکان,قوڵەکە,قوڵەکان
plural-regular,چای,چایەکان,ئاڤاوە,ئاڤاوەکان
plural-regular,چای,چایەکان,شەم,شەمەکان
plural-regular,چای,چایەکان,پەڕە,پەڕەکان
plural-regular,چای,چایەکان,گەرمی,گەرمیەکان
plural-regular,ڕاپەرین,ڕاپەرینەکان,هەورەکان,هەورەکان
plural-regular,ژینگە,ژینگەکان,گوڵ,گوڵەکان
plural-regular,کۆڕەکە,کۆڕەکان,گۆڵ,گۆڵەکان
plural-regular,گورگ,گورگەکان,بەفر,بەفرەکان
plural-regular,گورگ,گورگەکان,شەم,شەمەکان
plural-regular,گوڵ,گوڵەکان,ئاسمان,ئاسمانەکان
plural-regular,گوڵ,گوڵەکان,ئاڤاوە,ئاڤاوەکان
plural-regular,گوڵ,گوڵەکان,باران,بارانەکان
plural-regular,گوڵ,گوڵەکان,بەرز,بەرزەکان
plural-regular,گەرمی,گەرمیەکان,ناوچە,ناوچەکان
plural-regular,گەرمی,گەرمیەکان,چای,چایەکان
present-first-person-second-person,دەبینم,دەبینی,دەبینم,دەبینی
present-first-person-second-person,دەبینم,دەبینی,دەبێشم,دەبێشی
present-first-person-second-person,دەبینم,دەبینی,دەخوەم,دەخوی
present-first-person-second-person,دەبینم,دەبینی,دەخۆم,دەخۆی
present-first-person-second-person,دەبینم,دەبینی,دەخەم,دەخەیت
present-first-person-second-person,دەبینم,دەبینی,دەدەم,دەدەیت
present-first-person-second-person,دەبینم,دەبینی,دەدەنم,دەدەنی
present-first-person-second-person,دەبینم,دەبینی,دەستکەم,دەستکەیت
present-first-person-second-person,دەبینم,دەبینی,دەشەم,دەشی
present-first-person-second-person,دەبینم,دەبینی,دەفڕم,دەفڕی
present-first-person-second-person,دەبینم,دەبینی,دەنووسم,دەنووسی
present-first-person-second-person,دەبینم,دەبینی,دەوێنم,دەوێنی
present-first-person-second-person,دەبینم,دەبینی,دەپێشم,دەپێشی
present-first-person-second-person,دەبینم,دەبینی,دەچم,دەچی
present-first-person-second-person,دەبینم,دەبینی,دەچمە,دەچیت
present-first-person-second-person,دەبینم,دەبینی,دەڕووم,دەڕووی
present-first-person-second-person,دەبینم,دەبینی,دەڕۆم,دەڕۆی
present-first-person-second-person,دەبینم,دەبینی,دەکەم,دەکەیت
present-first-person-second-person,دەبینم,دەبینی,دەگرم,دەگری
present-first-person-second-person,دەبینم,دەبینی,دەگریم,دەگری
present-first-person-second-person,دەبینم,دەبینی,دەگەڕم,دەگەڕی
present-first-person-second-person,دەبێشم,دەبێشی,دەبینم,دەبینی
present-first-person-second-person,دەبێشم,دەبێشی,دەبێشم,دەبێشی
present-first-person-second-person,دەبێشم,دەبێشی,دەخوەم,دەخوی
present-first-person-second-person,دەبێشم,دەبێشی,دەخۆم,دەخۆی
present-first-person-second-person,دەبێشم,دەبێشی,دەدەم,دەدەیت
present-first-person-second-person,دەبێشم,دەبێشی,دەدەنم,دەدەنی
present-first-person-second-person,دەبێشم,دەبێشی,دەستکەم,دەستکەیت
present-first-person-second-person,دەبێشم,دەبێشی,دەشەم,دەشی
present-first-person-second-person,دەبێشم,دەبێشی,دەفرم,دەفری
present-first-person-second-person,دەبێشم,دەبێشی,دەفڕم,دەفڕی
present-first-person-second-person,دەبێشم,دەبێشی,دەنووسم,دەنووسی
present-first-person-second-person,دەبێشم,دەبێشی,دەوێنم,دەوێنی
present-first-person-second-person,دەبێشم,دەبێشی,دەپێشم,دەپێشی
present-first-person-second-person,دەبێشم,دەبێشی,دەچم,دەچی
present-first-person-second-person,دەبێشم,دەبێشی,دەچمە,دەچیت
present-first-person-second-person,دەبێشم,دەبێشی,دەڕووم,دەڕووی
present-first-person-second-person,دەبێشم,دەبێشی,دەڕۆم,دەڕۆی
present-first-person-second-person,دەبێشم,دەبێشی,دەکەم,دەکەیت
present-first-person-second-person,دەبێشم,دەبێشی,دەگرم,دەگری
present-first-person-second-person,دەبێشم,دەبێشی,دەگریم,دەگری
present-first-person-second-person,دەبێشم,دەبێشی,دەگەڕم,دەگەڕی
present-first-person-second-person,دەخوەم,دەخوی,دەبینم,دەبینی
present-first-person-second-person,دەخوەم,دەخوی,دەبێشم,دەبێشی
present-first-person-second-person,دەخوەم,دەخوی,دەخوەم,دەخوی
present-first-person-second-person,دەخوەم,دەخوی,دەخۆم,دەخۆی
present-first-person-second-person,دەخوەم,دەخوی,دەدەم,دەدەیت
present-first-person-second-person,دەخوەم,دەخوی,دەدەنم,دەدەنی
present-first-person-second-person,دەخوەم,دەخوی,دەستکەم,دەستکەیت
present-first-person-second-person,دەخوەم,دەخوی,دەشەم,دەشی
present-first-person-second-person,دەخوەم,دەخوی,دەفڕم,دەفڕی
present-first-person-second-person,دەخوەم,دەخوی,دەنووسم,دەنووسی
present-first-person-second-person,دەخوەم,دەخوی,دەوێنم,دەوێنی
present-first-person-second-person,دەخوەم,دەخوی,دەپێشم,دەپێشی
present-first-person-second-person,دەخوەم,دەخوی,دەچم,دەچی
present-first-person-second-person,دەخوەم,دەخوی,دەچمە,دەچیت
present-first-person-second-person,دەخوەم,دەخوی,دەڕووم,دەڕووی
present-first-person-second-person,دەخوەم,دەخوی,دەڕۆم,دەڕۆی
present-first-person-second-person,دەخوەم,دەخوی,دەکەم,دەکەیت
present-first-person-second-person,دەخوەم,دەخوی,دەگرم,دەگری
present-first-person-second-person,دەخوەم,دەخوی,دەگریم,دەگری
present-first-person-second-person,دەخوەم,دەخوی,دەگەڕم,دەگەڕی
present-first-person-second-person,دەخۆم,دەخۆی,دەبینم,دەبینی
present-first-person-second-person,دەخۆم,دەخۆی,دەبێشم,دەبێشی
present-first-person-second-person,دەخۆم,دەخۆی,دەخوەم,دەخوی
present-first-person-second-person,دەخۆم,دەخۆی,دەخۆم,دەخۆی
present-first-person-second-person,دەخۆم,دەخۆی,دەدەم,دەدەیت
present-first-person-second-person,دەخۆم,دەخۆی,دەدەنم,دەدەنی
present-first-person-second-person,دەخۆم,دەخۆی,دەستکەم,دەستکەیت
present-first-person-second-person,دەخۆم,دەخۆی,دەشەم,دەشی
present-first-person-second-person,دەخۆم,دەخۆی,دەفڕم,دەفڕی
present-first-person-second-person,دەخۆم,دەخۆی,دەنووسم,دەنووسی
present-first-person-second-person,دەخۆم,دەخۆی,دەوێنم,دەوێنی
present-first-person-second-person,دەخۆم,دەخۆی,دەپێشم,دەپێشی
present-first-person-second-person,دەخۆم,دەخۆی,دەچم,دەچی
present-first-person-second-person,دەخۆم,دەخۆی,دەچمە,دەچیت
present-first-person-second-person,دەخۆم,دەخۆی,دەڕووم,دەڕووی
present-first-person-second-person,دەخۆم,دەخۆی,دەڕۆم,دەڕۆی
present-first-person-second-person,دەخۆم,دەخۆی,دەکەم,دەکەیت
present-first-person-second-person,دەخۆم,دەخۆی,دەگرم,دەگری
present-first-person-second-person,دەخۆم,دەخۆی,دەگریم,دەگری
present-first-person-second-person,دەخۆم,دەخۆی,دەگەڕم,دەگەڕی
present-first-person-second-person,دەدەم,دەدەیت,دەبینم,دەبینی
present-first-person-second-person,دەدەم,دەدەیت,دەبێشم,دەبێشی
present-first-person-second-person,دەدەم,دەدەیت,دەخوەم,دەخوی
present-first-person-second-person,دەدەم,دەدەیت,دەخۆم,دەخۆی
present-first-person-second-person,دەدەم,دەدەیت,دەدەم,دەدەیت
present-first-person-second-person,دەدەم,دەدەیت,دەدەنم,دەدەنی
present-first-person-second-person,دەدەم,دەدەیت,دەستکەم,دەستکەیت
present-first-person-second-person,دەدەم,دەدەیت,دەشەم,دەشی
present-first-person-second-person,دەدەم,دەدەیت,دەفڕم,دەفڕی
present-first-person-second-person,دەدەم,دەدەیت,دەنووسم,دەنووسی
present-first-person-second-person,دەدەم,دەدەیت,دەوێنم,دەوێنی
present-first-person-second-person,دەدەم,دەدەیت,دەپێشم,دەپێشی
present-first-person-second-person,دەدەم,دەدەیت,دەچم,دەچی
present-first-person-second-person,دەدەم,دەدەیت,دەچمە,دەچیت
present-first-person-second-person,دەدەم,دەدەیت,دەڕووم,دەڕووی
present-first-person-second-person,دەدەم,دەدەیت,دەڕۆم,دەڕۆی
present-first-person-second-person,دەدەم,دەدەیت,دەکەم,دەکەیت
present-first-person-second-person,دەدەم,دەدەیت,دەگرم,دەگری
present-first-person-second-person,دەدەم,دەدەیت,دەگریم,دەگری
present-first-person-second-person,دەدەم,دەدەیت,دەگەڕم,دەگەڕی
present-first-person-second-person,دەدەنم,دەدەنی,دەبینم,دەبینی
present-first-person-second-person,دەدەنم,دەدەنی,دەبێشم,دەبێشی
present-first-person-second-person,دەدەنم,دەدەنی,دەخوەم,دەخوی
present-first-person-second-person,دەدەنم,دەدەنی,دەخۆم,دەخۆی
present-first-person-second-person,دەدەنم,دەدەنی,دەدەم,دەدەیت
present-first-person-second-person,دەدەنم,دەدەنی,دەدەنم,دەدەنی
present-first-person-second-person,دەدەنم,دەدەنی,دەستکەم,دەستکەیت
present-first-person-second-person,دەدەنم,دەدەنی,دەشەم,دەشی
present-first-person-second-person,دەدەنم,دەدەنی,دەفڕم,دەفڕی
present-first-person-second-person,دەدەنم,دەدەنی,دەنووسم,دەنووسی
present-first-person-second-person,دەدەنم,دەدەنی,دەوێنم,دەوێنی
present-first-person-second-person,دەدەنم,دەدەنی,دەپێشم,دەپێشی
present-first-person-second-person,دەدەنم,دەدەنی,دەچم,دەچی
present-first-person-second-person,دەدەنم,دەدەنی,دەچمە,دەچیت
present-first-person-second-person,دەدەنم,دەدەنی,دەڕووم,دەڕووی
present-first-person-second-person,دەدەنم,دەدەنی,دەڕۆم,دەڕۆی
present-first-person-second-person,دەدەنم,دەدەنی,دەکەم,دەکەیت
present-first-person-second-person,دەدەنم,دەدەنی,دەگرم,دەگری
present-first-person-second-person,دەدەنم,دەدەنی,دەگریم,دەگری
present-first-person-second-person,دەدەنم,دەدەنی,دەگەڕم,دەگەڕی
present-first-person-second-person,دەستکەم,دەستکەیت,دەبینم,دەبینی
present-first-person-second-person,دەستکەم,دەستکەیت,دەبێشم,دەبێشی
present-first-person-second-person,دەستکەم,دەستکەیت,دەخوەم,دەخوی
present-first-person-second-person,دەستکەم,دەستکەیت,دەخۆم,دەخۆی
present-first-person-second-person,دەستکەم,دەستکەیت,دەدەم,دەدەیت
present-first-person-second-person,دەستکەم,دەستکەیت,دەدەنم,دەدەنی
present-first-person-second-person,دەستکەم,دەستکەیت,دەستکەم,دەستکەیت
present-first-person-second-person,دەستکەم,دەستکەیت,دەشەم,دەشی
present-first-person-second-person,دەستکەم,دەستکەیت,دەفڕم,دەفڕی
present-first-person-second-person,دەستکەم,دەستکەیت,دەنووسم,دەنووسی
present-first-person-second-person,دەستکەم,دەستکەیت,دەوێنم,دەوێنی
present-first-person-second-person,دەستکەم,دەستکەیت,دەپێشم,دەپێشی
present-first-person-second-person,دەستکەم,دەستکەیت,دەچم,دەچی
present-first-person-second-person,دەستکەم,دەستکەیت,دەچمە,دەچیت
present-first-person-second-person,دەستکەم,دەستکەیت,دەڕووم,دەڕووی
present-first-person-second-person,دەستکەم,دەستکەیت,دەڕۆم,دەڕۆی
present-first-person-second-person,دەستکەم,دەستکەیت,دەکەم,دەکەیت
present-first-person-second-person,دەستکەم,دەستکەیت,دەگرم,دەگری
present-first-person-second-person,دەستکەم,دەستکەیت,دەگریم,دەگری
present-first-person-second-person,دەستکەم,دەستکەیت,دەگەڕم,دەگەڕی
present-first-person-second-person,دەشەم,دەشی,دەبینم,دەبینی
present-first-person-second-person,دەشەم,دەشی,دەبێشم,دەبێشی
present-first-person-second-person,دەشەم,دەشی,دەخوەم,دەخوی
present-first-person-second-person,دەشەم,دەشی,دەخۆم,دەخۆی
present-first-person-second-person,دەشەم,دەشی,دەدەم,دەدەیت
present-first-person-second-person,دەشەم,دەشی,دەدەنم,دەدەنی
present-first-person-second-person,دەشەم,دەشی,دەستکەم,دەستکەیت
present-first-person-second-person,دەشەم,دەشی,دەشەم,دەشی
present-first-person-second-person,دەشەم,دەشی,دەفڕم,دەفڕی
present-first-person-second-person,دەشەم,دەشی,دەنووسم,دەنووسی
present-first-person-second-person,دەشەم,دەشی,دەوڕم,دەوڕی
present-first-person-second-person,دەشەم,دەشی,دەوێنم,دەوێنی
present-first-person-second-person,دەشەم,دەشی,دەپێشم,دەپێشی
present-first-person-second-person,دەشەم,دەشی,دەچم,دەچی
present-first-person-second-person,دەشەم,دەشی,دەچمە,دەچیت
present-first-person-second-person,دەشەم,دەشی,دەڕووم,دەڕووی
present-first-person-second-person,دەشەم,دەشی,دەڕۆم,دەڕۆی
present-first-person-second-person,دەشەم,دەشی,دەکەم,دەکەیت
present-first-person-second-person,دەشەم,دەشی,دەگرم,دەگری
present-first-person-second-person,دەشەم,دەشی,دەگریم,دەگری
present-first-person-second-person,دەشەم,دەشی,دەگەڕم,دەگەڕی
present-first-person-second-person,دەفڕم,دەفڕی,دەبینم,دەبینی
present-first-person-second-person,دەفڕم,دەفڕی,دەبێشم,دەبێشی
present-first-person-second-person,دەفڕم,دەفڕی,دەخوەم,دەخوی
present-first-person-second-person,دەفڕم,دەفڕی,دەخۆم,دەخۆی
present-first-person-second-person,دەفڕم,دەفڕی,دەدەم,دەدەیت
present-first-person-second-person,دەفڕم,دەفڕی,دەدەنم,دەدەنی
present-first-person-second-person,دەفڕم,دەفڕی,دەستکەم,دەستکەیت
present-first-person-second-person,دەفڕم,دەفڕی,دەشەم,دەشی
present-first-person-second-person,دەفڕم,دەفڕی,دەفڕم,دەفڕی
present-first-person-second-person,دەفڕم,دەفڕی,دەنووسم,دەنووسی
present-first-person-second-person,دەفڕم,دەفڕی,دەوێنم,دەوێنی
present-first-person-second-person,دەفڕم,دەفڕی,دەپێشم,دەپێشی
present-first-person-second-person,دەفڕم,دەفڕی,دەچم,دەچی
present-first-person-second-person,دەفڕم,دەفڕی,دەچمە,دەچیت
present-first-person-second-person,دەفڕم,دەفڕی,دەڕووم,دەڕووی
present-first-person-second-person,دەفڕم,دەفڕی,دەڕۆم,دەڕۆی
present-first-person-second-person,دەفڕم,دەفڕی,دەکەم,دەکەیت
present-first-person-second-person,دەفڕم,دەفڕی,دەگرم,دەگری
present-first-person-second-person,دەفڕم,دەفڕی,دەگریم,دەگری
present-first-person-second-person,دەفڕم,دەفڕی,دەگەڕم,دەگەڕی
present-first-person-second-person,دەنووسم,دەنووسی,دەبینم,دەبینی
present-first-person-second-person,دەنووسم,دەنووسی,دەبێشم,دەبێشی
present-first-person-second-person,دەنووسم,دەنووسی,دەخوەم,دەخوی
present-first-person-second-person,دەنووسم,دەنووسی,دەخۆم,دەخۆی
present-first-person-second-person,دەنووسم,دەنووسی,دەدەم,دەدەیت
present-first-person-second-person,دەنووسم,دەنووسی,دەدەنم,دەدەنی
present-first-person-second-person,دەنووسم,دەنووسی,دەستکەم,دەستکەیت
present-first-person-second-person,دەنووسم,دەنووسی,دەشەم,دەشی
present-first-person-second-person,دەنووسم,دەنووسی,دەفڕم,دەفڕی
present-first-person-second-person,دەنووسم,دەنووسی,دەنووسم,دەنووسی
present-first-person-second-person,دەنووسم,دەنووسی,دەوێنم,دەوێنی
present-first-person-second-person,دەنووسم,دەنووسی,دەپێشم,دەپێشی
present-first-person-second-person,دەنووسم,دەنووسی,دەچم,دەچی
present-first-person-second-person,دەنووسم,دەنووسی,دەچمە,دەچیت
present-first-person-second-person,دەنووسم,دەنووسی,دەڕووم,دەڕووی
present-first-person-second-person,دەنووسم,دەنووسی,دەڕۆم,دەڕۆی
present-first-person-second-person,دەنووسم,دەنووسی,دەکەم,دەکەیت
present-first-person-second-person,دەنووسم,دەنووسی,دەگرم,دەگری
present-first-person-second-person,دەنووسم,دەنووسی,دەگریم,دەگری
present-first-person-second-person,دەنووسم,دەنووسی,دەگەڕم,دەگەڕی
present-first-person-second-person,دەوێنم,دەوێنی,دەبینم,دەبینی
present-first-person-second-person,دەوێنم,دەوێنی,دەبێشم,دەبێشی
present-first-person-second-person,دەوێنم,دەوێنی,دەخوەم,دەخوی
present-first-person-second-person,دەوێنم,دەوێنی,دەخۆم,دەخۆی
present-first-person-second-person,دەوێنم,دەوێنی,دەدەم,دەدەیت
present-first-person-second-person,دەوێنم,دەوێنی,دەدەنم,دەدەنی
present-first-person-second-person,دەوێنم,دەوێنی,دەستکەم,دەستکەیت
present-first-person-second-person,دەوێنم,دەوێنی,دەشەم,دەشی
present-first-person-second-person,دەوێنم,دەوێنی,دەفڕم,دەفڕی
present-first-person-second-person,دەوێنم,دەوێنی,دەنووسم,دەنووسی
present-first-person-second-person,دەوێنم,دەوێنی,دەوێنم,دەوێنی
present-first-person-second-person,دەوێنم,دەوێنی,دەپێشم,دەپێشی
present-first-person-second-person,دەوێنم,دەوێنی,دەچم,دەچی
present-first-person-second-person,دەوێنم,دەوێنی,دەچمە,دەچیت
present-first-person-second-person,دەوێنم,دەوێنی,دەڕووم,دەڕووی
present-first-person-second-person,دەوێنم,دەوێنی,دەڕۆم,دەڕۆی
present-first-person-second-person,دەوێنم,دەوێنی,دەکەم,دەکەیت
present-first-person-second-person,دەوێنم,دەوێنی,دەگرم,دەگری
present-first-person-second-person,دەوێنم,دەوێنی,دەگریم,دەگری
present-first-person-second-person,دەوێنم,دەوێنی,دەگەڕم,دەگەڕی
present-first-person-second-person,دەپێشم,دەپێشی,دەبینم,دەبینی
present-first-person-second-person,دەپێشم,دەپێشی,دەبێشم,دەبێشی
present-first-person-second-person,دەپێشم,دەپێشی,دەخوەم,دەخوی
present-first-person-second-person,دەپێشم,دەپێشی,دەخۆم,دەخۆی
present-first-person-second-person,دەپێشم,دەپێشی,دەدەم,دەدەیت
present-first-person-second-person,دەپێشم,دەپێشی,دەدەنم,دەدەنی
present-first-person-second-person,دەپێشم,دەپێشی,دەستکەم,دەستکەیت
present-first-person-second-person,دەپێشم,دەپێشی,دەشەم,دەشی
present-first-person-second-person,دەپێشم,دەپێشی,دەفڕم,دەفڕی
present-first-person-second-person,دەپێشم,دەپێشی,دەنووسم,دەنووسی
present-first-person-second-person,دەپێشم,دەپێشی,دەوێنم,دەوێنی
present-first-person-second-person,دەپێشم,دەپێشی,دەپێشم,دەپێشی
present-first-person-second-person,دەپێشم,دەپێشی,دەچم,دەچی
present-first-person-second-person,دەپێشم,دەپێشی,دەچمە,دەچیت
present-first-person-second-person,دەپێشم,دەپێشی,دەڕووم,دەڕووی
present-first-person-second-person,دەپێشم,دەپێشی,دەڕۆم,دەڕۆی
present-first-person-second-person,دەپێشم,دەپێشی,دەکەم,دەکەیت
present-first-person-second-person,دەپێشم,دەپێشی,دەگرم,دەگری
present-first-person-second-person,دەپێشم,دەپێشی,دەگریم,دەگری
present-first-person-second-person,دەپێشم,دەپێشی,دەگەڕم,دەگەڕی
present-first-person-second-person,دەچم,دەچی,دەبینم,دەبینی
present-first-person-second-person,دەچم,دەچی,دەبێشم,دەبێشی
present-first-person-second-person,دەچم,دەچی,دەخوەم,دەخوی
present-first-person-second-person,دەچم,دەچی,دەخۆم,دەخۆی
present-first-person-second-person,دەچم,دەچی,دەدەم,دەدەیت
present-first-person-second-person,دەچم,دەچی,دەدەنم,دەدەنی
present-first-person-second-person,دەچم,دەچی,دەستکەم,دەستکەیت
present-first-person-second-person,دەچم,دەچی,دەشەم,دەشی
present-first-person-second-person,دەچم,دەچی,دەفڕم,دەفڕی
present-first-person-second-person,دەچم,دەچی,دەنووسم,دەنووسی
present-first-person-second-person,دەچم,دەچی,دەوێنم,دەوێنی
present-first-person-second-person,دەچم,دەچی,دەپێشم,دەپێشی
present-first-person-second-person,دەچم,دەچی,دەچم,دەچی
present-first-person-second-person,دەچم,دەچی,دەچمە,دەچیت
present-first-person-second-person,دەچم,دەچی,دەڕووم,دەڕووی
present-first-person-second-person,دەچم,دەچی,دەڕۆم,دەڕۆی
present-first-person-second-person,دەچم,دەچی,دەکەم,دەکەیت
present-first-person-second-person,دەچم,دەچی,دەگرم,دەگری
present-first-person-second-person,دەچم,دەچی,دەگریم,دەگری
present-first-person-second-person,دەچم,دەچی,دەگەڕم,دەگەڕی
present-first-person-second-person,دەچمە,دەچیت,دەبینم,دەبینی
present-first-person-second-person,دەچمە,دەچیت,دەبێشم,دەبێشی
present-first-person-second-person,دەچمە,دەچیت,دەبەم,دەبەیت
present-first-person-second-person,دەچمە,دەچیت,دەخوەم,دەخوی
present-first-person-second-person,دەچمە,دەچیت,دەخۆم,دەخۆی
present-first-person-second-person,دەچمە,دەچیت,دەدەم,دەدەیت
present-first-person-second-person,دەچمە,دەچیت,دەدەنم,دەدەنی
present-first-person-second-person,دەچمە,دەچیت,دەستکەم,دەستکەیت
present-first-person-second-person,دەچمە,دەچیت,دەشەم,دەشی
present-first-person-second-person,دەچمە,دەچیت,دەفڕم,دەفڕی
present-first-person-second-person,دەچمە,دەچیت,دەنووسم,دەنووسی
present-first-person-second-person,دەچمە,دەچیت,دەوێنم,دەوێنی
present-first-person-second-person,دەچمە,دەچیت,دەپێشم,دەپێشی
present-first-person-second-person,دەچمە,دەچیت,دەچم,دەچی
present-first-person-second-person,دەچمە,دەچیت,دەچمە,دەچیت
present-first-person-second-person,دەچمە,دەچیت,دەڕووم,دەڕووی
present-first-person-second-person,دەچمە,دەچیت,دەڕۆم,دەڕۆی
present-first-person-second-person,دەچمە,دەچیت,دەکەم,دەکەیت
present-first-person-second-person,دەچمە,دەچیت,دەگرم,دەگری
present-first-person-second-person,دەچمە,دەچیت,دەگریم,دەگری
present-first-person-second-person,دەچمە,دەچیت,دەگەڕم,دەگەڕی
present-first-person-second-person,دەڕووم,دەڕووی,دەبینم,دەبینی
present-first-person-second-person,دەڕووم,دەڕووی,دەبێشم,دەبێشی
present-first-person-second-person,دەڕووم,دەڕووی,دەخوەم,دەخوی
present-first-person-second-person,دەڕووم,دەڕووی,دەخۆم,دەخۆی
present-first-person-second-person,دەڕووم,دەڕووی,دەدەم,دەدەیت
present-first-person-second-person,دەڕووم,دەڕووی,دەدەنم,دەدەنی
present-first-person-second-person,دەڕووم,دەڕووی,دەستکەم,دەستکەیت
present-first-person-second-person,دەڕووم,دەڕووی,دەشەم,دەشی
present-first-person-second-person,دەڕووم,دەڕووی,دەفڕم,دەفڕی
present-first-person-second-person,دەڕووم,دەڕووی,دەنووسم,دەنووسی
present-first-person-second-person,دەڕووم,دەڕووی,دەوێنم,دەوێنی
present-first-person-second-person,دەڕووم,دەڕووی,دەپێشم,دەپێشی
present-first-person-second-person,دەڕووم,دەڕووی,دەچم,دەچی
present-first-person-second-person,دەڕووم,دەڕووی,دەچمە,دەچیت
present-first-person-second-person,دەڕووم,دەڕووی,دەڕووم,دەڕووی
present-first-person-second-person,دەڕووم,دەڕووی,دەڕۆم,دەڕۆی
present-first-person-second-person,دەڕووم,دەڕووی,دەکەم,دەکەیت
present-first-person-second-person,دەڕووم,دەڕووی,دەگرم,دەگری
present-first-person-second-person,دەڕووم,دەڕووی,دەگریم,دەگری
present-first-person-second-person,دەڕووم,دەڕووی,دەگەڕم,دەگەڕی
present-first-person-second-person,دەڕۆم,دەڕۆی,دەبینم,دەبینی
present-first-person-second-person,دەڕۆم,دەڕۆی,دەبێشم,دەبێشی
present-first-person-second-person,دەڕۆم,دەڕۆی,دەخوەم,دەخوی
present-first-person-second-person,دەڕۆم,دەڕۆی,دەخۆم,دەخۆی
present-first-person-second-person,دەڕۆم,دەڕۆی,دەدەم,دەدەیت
present-first-person-second-person,دەڕۆم,دەڕۆی,دەدەنم,دەدەنی
present-first-person-second-person,دەڕۆم,دەڕۆی,دەستکەم,دەستکەیت
present-first-person-second-person,دەڕۆم,دەڕۆی,دەشەم,دەشی
present-first-person-second-person,دەڕۆم,دەڕۆی,دەفڕم,دەفڕی
present-first-person-second-person,دەڕۆم,دەڕۆی,دەنووسم,دەنووسی
present-first-person-second-person,دەڕۆم,دەڕۆی,دەوێنم,دەوێنی
present-first-person-second-person,دەڕۆم,دەڕۆی,دەپێشم,دەپێشی
present-first-person-second-person,دەڕۆم,دەڕۆی,دەچم,دەچی
present-first-person-second-person,دەڕۆم,دەڕۆی,دەچمە,دەچیت
present-first-person-second-person,دەڕۆم,دەڕۆی,دەڕووم,دەڕووی
present-first-person-second-person,دەڕۆم,دەڕۆی,دەڕۆم,دەڕۆی
present-first-person-second-person,دەڕۆم,دەڕۆی,دەکەم,دەکەیت
present-first-person-second-person,دەڕۆم,دەڕۆی,دەگرم,دەگری
present-first-person-second-person,دەڕۆم,دەڕۆی,دەگریم,دەگری
present-first-person-second-person,دەڕۆم,دەڕۆی,دەگەڕم,دەگەڕی
present-first-person-second-person,دەکەم,دەکەیت,دەبینم,دەبینی
present-first-person-second-person,دەکەم,دەکەیت,دەبێشم,دەبێشی
present-first-person-second-person,دەکەم,دەکەیت,دەخوەم,دەخوی
present-first-person-second-person,دەکەم,دەکەیت,دەخۆم,دەخۆی
present-first-person-second-person,دەکەم,دەکەیت,دەدەم,دەدەیت
present-first-person-second-person,دەکەم,دەکەیت,دەدەنم,دەدەنی
present-first-person-second-person,دەکەم,دەکەیت,دەستکەم,دەستکەیت
present-first-person-second-person,دەکەم,دەکەیت,دەشەم,دەشی
present-first-person-second-person,دەکەم,دەکەیت,دەفڕم,دەفڕی
present-first-person-second-person,دەکەم,دەکەیت,دەنووسم,دەنووسی
present-first-person-second-person,دەکەم,دەکەیت,دەوێنم,دەوێنی
present-first-person-second-person,دەکەم,دەکەیت,دەپێشم,دەپێشی
present-first-person-second-person,دەکەم,دەکەیت,دەچم,دەچی
present-first-person-second-person,دەکەم,دەکەیت,دەچمە,دەچیت
present-first-person-second-person,دەکەم,دەکەیت,دەڕووم,دەڕووی
present-first-person-second-person,دەکەم,دەکەیت,دەڕۆم,دەڕۆی
present-first-person-second-person,دەکەم,دەکەیت,دەکەم,دەکەیت
present-first-person-second-person,دەکەم,دەکەیت,دەگرم,دەگری
present-first-person-second-person,دەکەم,دەکەیت,دەگریم,دەگری
present-first-person-second-person,دەکەم,دەکەیت,دەگەڕم,دەگەڕی
present-first-person-second-person,دەگرم,دەگری,دەبینم,دەبینی
present-first-person-second-person,دەگرم,دەگری,دەبێشم,دەبێشی
present-first-person-second-person,دەگرم,دەگری,دەخوەم,دەخوی
present-first-person-second-person,دەگرم,دەگری,دەخۆم,دەخۆی
present-first-person-second-person,دەگرم,دەگری,دەدەم,دەدەیت
present-first-person-second-person,دەگرم,دەگری,دەدەنم,دەدەنی
present-first-person-second-person,دەگرم,دەگری,دەستکەم,دەستکەیت
present-first-person-second-person,دەگرم,دەگری,دەشەم,دەشی
present-first-person-second-person,دەگرم,دەگری,دەفڕم,دەفڕی
present-first-person-second-person,دەگرم,دەگری,دەنووسم,دەنووسی
present-first-person-second-person,دەگرم,دەگری,دەوێنم,دەوێنی
present-first-person-second-person,دەگرم,دەگری,دەپێشم,دەپێشی
present-first-person-second-person,دەگرم,دەگری,دەچم,دەچی
present-first-person-second-person,دەگرم,دەگری,دەچمە,دەچیت
present-first-person-second-person,دەگرم,دەگری,دەڕووم,دەڕووی
present-first-person-second-person,دەگرم,دەگری,دەڕۆم,دەڕۆی
present-first-person-second-person,دەگرم,دەگری,دەکەم,دەکەیت
present-first-person-second-person,دەگرم,دەگری,دەگرم,دەگری
present-first-person-second-person,دەگرم,دەگری,دەگریم,دەگری
present-first-person-second-person,دەگرم,دەگری,دەگەڕم,دەگەڕی
present-first-person-second-person,دەگریم,دەگری,دەبینم,دەبینی
present-first-person-second-person,دەگریم,دەگری,دەبێشم,دەبێشی
present-first-person-second-person,دەگریم,دەگری,دەخوەم,دەخوی
present-first-person-second-person,دەگریم,دەگری,دەخۆم,دەخۆی
present-first-person-second-person,دەگریم,دەگری,دەدەم,دەدەیت
present-first-person-second-person,دەگریم,دەگری,دەدەنم,دەدەنی
present-first-person-second-person,دەگریم,دەگری,دەستکەم,دەستکەیت
present-first-person-second-person,دەگریم,دەگری,دەشەم,دەشی
present-first-person-second-person,دەگریم,دەگری,دەفڕم,دەفڕی
present-first-person-second-person,دەگریم,دەگری,دەنووسم,دەنووسی
present-first-person-second-person,دەگریم,دەگری,دەوێنم,دەوێنی
present-first-person-second-person,دەگریم,دەگری,دەپێشم,دەپێشی
present-first-person-second-person,دەگریم,دەگری,دەچم,دەچی
present-first-person-second-person,دەگریم,دەگری,دەچمە,دەچیت
present-first-person-second-person,دەگریم,دەگری,دەڕووم,دەڕووی
present-first-person-second-person,دەگریم,دەگری,دەڕۆم,دەڕۆی
present-first-person-second-person,دەگریم,دەگری,دەکەم,دەکەیت
present-first-person-second-person,دەگریم,دەگری,دەگرم,دەگری
present-first-person-second-person,دەگریم,دەگری,دەگریم,دەگری
present-first-person-second-person,دەگریم,دەگری,دەگەڕم,دەگەڕی
present-first-person-second-person,دەگەڕم,دەگەڕی,دەبینم,دەبینی
present-first-person-second-person,دەگەڕم,دەگەڕی,دەبێشم,دەبێشی
present-first-person-second-person,دەگەڕم,دەگەڕی,دەخوەم,دەخوی
present-first-person-second-person,دەگەڕم,دەگەڕی,دەخۆم,دەخۆی
present-first-person-second-person,دەگەڕم,دەگەڕی,دەدەم,دەدەیت
present-first-person-second-person,دەگەڕم,دەگەڕی,دەدەنم,دەدەنی
present-first-person-second-person,دەگەڕم,دەگەڕی,دەستکەم,دەستکەیت
present-first-person-second-person,دەگەڕم,دەگەڕی,دەشەم,دەشی
present-first-person-second-person,دەگەڕم,دەگەڕی,دەفڕم,دەفڕی
present-first-person-second-person,دەگەڕم,دەگەڕی,دەنووسم,دەنووسی
present-first-person-second-person,دەگەڕم,دەگەڕی,دەوێنم,دەوێنی
present-first-person-second-person,دەگەڕم,دەگەڕی,دەپێشم,دەپێشی
present-first-person-second-person,دەگەڕم,دەگەڕی,دەچم,دەچی
present-first-person-second-person,دەگەڕم,دەگەڕی,دەچمە,دەچیت
present-first-person-second-person,دەگەڕم,دەگەڕی,دەڕووم,دەڕووی
present-first-person-second-person,دەگەڕم,دەگەڕی,دەڕۆم,دەڕۆی
present-first-person-second-person,دەگەڕم,دەگەڕی,دەکەم,دەکەیت
present-first-person-second-person,دەگەڕم,دەگەڕی,دەگرم,دەگری
present-first-person-second-person,دەگەڕم,دەگەڕی,دەگریم,دەگری
present-first-person-second-person,دەگەڕم,دەگەڕی,دەگم,دەگی
present-first-person-second-person,دەگەڕم,دەگەڕی,دەگەڕم,دەگەڕی
synonym,ئاڕام,ئازار,ئەزموون,چالاک
synonym,ئاڕام,ئازار,ئەزموونی,ڕووناک
synonym,ئاڕام,ئازار,بەهوش,زیرەک
synonym,ئاڕام,ئازار,بەهێن,بردوام
synonym,ئاڕام,ئازار,تازە,نوێ
synonym,ئاڕام,ئازار,جوان,برزنج
synonym,ئاڕام,ئازار,جوان,نوێر
synonym,ئاڕام,ئازار,جەخت,توند
synonym,ئاڕام,ئازار,حەزیار,رەزا
synonym,ئاڕام,ئازار,خوشحال,مسرور
synonym,ئاڕام,ئازار,خۆشەویست,دوست
synonym,ئاڕام,ئازار,خۆشەویست,نەوازی
synonym,ئاڕام,ئازار,خێرا,چالاک
synonym,ئاڕام,ئازار,دوست,خەمبار
synonym,ئاڕام,ئازار,دڵخۆش,دڵشاد
synonym,ئاڕام,ئازار,دەنگی,نوێ
synonym,ئاڕام,ئازار,روناک,دەرخانی
synonym,ئاڕام,ئازار,رەشن,دەرباز
synonym,ئاڕام,ئازار,زۆر,بەرهەوار
synonym,ئاڕام,ئازار,زێڕی,بەردوام
synonym,ئاڕام,ئازار,ساده,ئاسان
synonym,ئاڕام,ئازار,شادا,ڕووناک
synonym,ئاڕام,ئازار,شەرمەزار,دوست
synonym,ئاڕام,ئازار,شەڕ,دەنگ
synonym,ئاڕام,ئازار,مهربان,خاوەن
synonym,ئاڕام,ئازار,نوێ,بەرز
synonym,ئاڕام,ئازار,پاک,خاوەن
synonym,ئاڕام,ئازار,پڕشور,دەنگ
synonym,ئاڕام,ئازار,پیاو,زەوی
synonym,ئاڕام,ئازار,پەرچاو,بەرهەوار
synonym,ئاڕام,ئازار,ڕوونا,بەرهەوار
synonym,ئاڕام,ئازار,گرم,گەرما
synonym,ئاڕام,ئازار,گەورە,پەنابەر
synonym,ئەزموون,چالاک,ئاڕام,ئازار
synonym,ئەزموون,چالاک,ئەزموونی,ڕووناک
synonym,ئەزموون,چالاک,بەهوش,زیرەک
synonym,ئەزموون,چالاک,بەهێن,بردوام
synonym,ئەزموون,چالاک,تازە,نوێ
synonym,ئەزموون,چالاک,جوان,برزنج
synonym,ئەزموون,چالاک,جوان,نوێر
synonym,ئەزموون,چالاک,جەخت,توند
synonym,ئەزموون,چالاک,حەزیار,رەزا
synonym,ئەزموون,چالاک,خوشحال,مسرور
synonym,ئەزموون,چالاک,خۆشەویست,دوست
synonym,ئەزموون,چالاک,خۆشەویست,نەوازی
synonym,ئەزموون,چالاک,خێرا,چالاک
synonym,ئەزموون,چالاک,دوست,خەمبار
synonym,ئەزموون,چالاک,دوستدار,بێوانە
synonym,ئەزموون,چالاک,دڵخۆش,دڵشاد
synonym,ئەزموون,چالاک,دەنگی,نوێ
synonym,ئەزموون,چالاک,روناک,دەرخانی
synonym,ئەزموون,چالاک,رەشن,دەرباز
synonym,ئەزموون,چالاک,زۆر,بەرهەوار
synonym,ئەزموون,چالاک,زێڕی,بەردوام
synonym,ئەزموون,چالاک,ساده,ئاسان
synonym,ئەزموون,چالاک,شادا,ڕووناک
synonym,ئەزموون,چالاک,شەرمەزار,دوست
synonym,ئەزموون,چالاک,شەڕ,دەنگ
synonym,ئەزموون,چالاک,مهربان,خاوەن
synonym,ئەزموون,چالاک,نوێ,بەرز
synonym,ئەزموون,چالاک,پاک,خاوەن
synonym,ئەزموون,چالاک,پیاو,زەوی
synonym,ئەزموون,چالاک,پەرچاو,بەرهەوار
synonym,ئەزموون,چالاک,ڕوونا,بەرهەوار
synonym,ئەزموون,چالاک,گرم,گەرما
synonym,ئەزموون,چالاک,گەورە,پەنابەر
synonym,ئەزموونی,ڕووناک,ئاڕام,ئازار
synonym,ئەزموونی,ڕووناک,ئەزموون,چالاک
synonym,ئەزموونی,ڕووناک,بەهوش,زیرەک
synonym,ئەزموونی,ڕووناک,بەهێن,بردوام
synonym,ئەزموونی,ڕووناک,تاریک,دەرباز
synonym,ئەزموونی,ڕووناک,تازە,نوێ
synonym,ئەزموونی,ڕووناک,جوان,برزنج
synonym,ئەزموونی,ڕووناک,جوان,نوێر
synonym,ئەزموونی,ڕووناک,جەخت,توند
synonym,ئەزموونی,ڕووناک,حەزیار,رەزا
synonym,ئەزموونی,ڕووناک,خوشحال,مسرور
synonym,ئەزموونی,ڕووناک,خۆشەویست,دوست
synonym,ئەزموونی,ڕووناک,خۆشەویست,نەوازی
synonym,ئەزموونی,ڕووناک,خێرا,چالاک
synonym,ئەزموونی,ڕووناک,دوست,خەمبار
synonym,ئەزموونی,ڕووناک,دڵخۆش,دڵشاد
synonym,ئەزموونی,ڕووناک,دەنگی,نوێ
synonym,ئەزموونی,ڕووناک,روناک,دەرخانی
synonym,ئەزموونی,ڕووناک,رەشن,دەرباز
synonym,ئەزموونی,ڕووناک,زۆر,بەرهەوار
synonym,ئەزموونی,ڕووناک,زێڕی,بەردوام
synonym,ئەزموونی,ڕووناک,ساده,ئاسان
synonym,ئەزموونی,ڕووناک,شادا,ڕووناک
synonym,ئەزموونی,ڕووناک,شەرمەزار,دوست
synonym,ئەزموونی,ڕووناک,شەڕ,دەنگ
synonym,ئەزموونی,ڕووناک,مهربان,خاوەن
synonym,ئەزموونی,ڕووناک,نوێ,بەرز
synonym,ئەزموونی,ڕووناک,پاک,خاوەن
synonym,ئەزموونی,ڕووناک,پیاو,زەوی
synonym,ئەزموونی,ڕووناک,پەرچاو,بەرهەوار
synonym,ئەزموونی,ڕووناک,ڕوونا,بەرهەوار
synonym,ئەزموونی,ڕووناک,گرم,گەرما
synonym,ئەزموونی,ڕووناک,گەورە,پەنابەر
synonym,بەهوش,زیرەک,ئاڕام,ئازار
synonym,بەهوش,زیرەک,ئەزموون,چالاک
synonym,بەهوش,زیرەک,ئەزموونی,ڕووناک
synonym,بەهوش,زیرەک,بەهێن,بردوام
synonym,بەهوش,زیرەک,تازە,نوێ
synonym,بەهوش,زیرەک,جوان,برزنج
synonym,بەهوش,زیرەک,جوان,نوێر
synonym,بەهوش,زیرەک,جەخت,توند
synonym,بەهوش,زیرەک,حەزیار,رەزا
synonym,بەهوش,زیرەک,خوشحال,مسرور
synonym,بەهوش,زیرەک,خۆشەویست,دوست
synonym,بەهوش,زیرەک,خۆشەویست,نەوازی
synonym,بەهوش,زیرەک,خێرا,چالاک
synonym,بەهوش,زیرەک,خەمبار,دەنگێ
synonym,بەهوش,زیرەک,دوست,خەمبار
synonym,بەهوش,زیرەک,دڵخۆش,دڵشاد
synonym,بەهوش,زیرەک,دەنگی,نوێ
synonym,بەهوش,زیرەک,روناک,دەرخانی
synonym,بەهوش,زیرەک,رەشن,دەرباز
synonym,بەهوش,زیرەک,زۆر,بەرهەوار
synonym,بەهوش,زیرەک,زێڕی,بەردوام
synonym,بەهوش,زیرەک,ساده,ئاسان
synonym,بەهوش,زیرەک,شادا,ڕووناک
synonym,بەهوش,زیرەک,شەرمەزار,دوست
synonym,بەهوش,زیرەک,شەڕ,دەنگ
synonym,بەهوش,زیرەک,مهربان,خاوەن
synonym,بەهوش,زیرەک,نوێ,بەرز
synonym,بەهوش,زیرەک,پاک,خاوەن
synonym,بەهوش,زیرەک,پیاو,زەوی
synonym,بەهوش,زیرەک,پەرچاو,بەرهەوار
synonym,بەهوش,زیرەک,ڕوونا,بەرهەوار
synonym,بەهوش,زیرەک,گرم,گەرما
synonym,بەهوش,زیرەک,گەورە,پەنابەر
synonym,بەهێن,بردوام,ئاڕام,ئازار
synonym,بەهێن,بردوام,ئەزموون,چالاک
synonym,بەهێن,بردوام,ئەزموونی,ڕووناک
synonym,بەهێن,بردوام,بەهوش,زیرەک
synonym,بەهێن,بردوام,تازە,نوێ
synonym,بەهێن,بردوام,جوان,برزنج
synonym,بەهێن,بردوام,جوان,نوێر
synonym,بەهێن,بردوام,جەخت,توند
synonym,بەهێن,بردوام,حەزیار,رەزا
synonym,بەهێن,بردوام,خوشحال,مسرور
synonym,بەهێن,بردوام,خۆشەویست,دوست
synonym,بەهێن,بردوام,خۆشەویست,نەوازی
synonym,بەهێن,بردوام,خێرا,چالاک
synonym,بەهێن,بردوام,دوست,خەمبار
synonym,بەهێن,بردوام,دڵخۆش,دڵشاد
synonym,بەهێن,بردوام,دەنگی,نوێ
synonym,بەهێن,بردوام,روناک,دەرخانی
synonym,بەهێن,بردوام,رەشن,دەرباز
synonym,بەهێن,بردوام,زۆر,بەرهەوار
synonym,بەهێن,بردوام,زێڕی,بەردوام
synonym,بەهێن,بردوام,ساده,ئاسان
synonym,بەهێن,بردوام,شادا,ڕووناک
synonym,بەهێن,بردوام,شەرمەزار,دوست
synonym,بەهێن,بردوام,شەڕ,دەنگ
synonym,بەهێن,بردوام,مهربان,خاوەن
synonym,بەهێن,بردوام,ناخۆش,خەرەبار
synonym,بەهێن,بردوام,نوێ,بەرز
synonym,بەهێن,بردوام,پاک,خاوەن
synonym,بەهێن,بردوام,پیاو,زەوی
synonym,بەهێن,بردوام,پەرچاو,بەرهەوار
synonym,بەهێن,بردوام,ڕوونا,بەرهەوار
synonym,بەهێن,بردوام,گرم,گەرما
synonym,بەهێن,بردوام,گەورە,پەنابەر
synonym,تازە,نوێ,ئاڕام,ئازار
synonym,تازە,نوێ,ئەزموون,چالاک
synonym,تازە,نوێ,ئەزموونی,ڕووناک
synonym,تازە,نوێ,بەهوش,زیرەک
synonym,تازە,نوێ,بەهێن,بردوام
synonym,تازە,نوێ,جوان,برزنج
synonym,تازە,نوێ,جوان,نوێر
synonym,تازە,نوێ,جەخت,توند
synonym,تازە,نوێ,حەزیار,رەزا
synonym,تازە,نوێ,خوشحال,مسرور
synonym,تازە,نوێ,خۆشەویست,دوست
synonym,تازە,نوێ,خۆشەویست,نەوازی
synonym,تازە,نوێ,خێرا,چالاک
synonym,تازە,نوێ,دوست,خەمبار
synonym,تازە,نوێ,دڵخۆش,دڵشاد
synonym,تازە,نوێ,دەنگی,نوێ
synonym,تازە,نوێ,روناک,دەرخانی
synonym,تازە,نوێ,رەشن,دەرباز
synonym,تازە,نوێ,زۆر,بەرهەوار
synonym,تازە,نوێ,زێڕی,بەردوام
synonym,تازە,نوێ,ساده,ئاسان
synonym,تازە,نوێ,شادا,ڕووناک
synonym,تازە,نوێ,شەرمەزار,دوست
synonym,تازە,نوێ,شەڕ,دەنگ
synonym,تازە,نوێ,مهربان,خاوەن
synonym,تازە,نوێ,نوێ,بەرز
synonym,تازە,نوێ,پاک,خاوەن
synonym,تازە,نوێ,پیاو,زەوی
synonym,تازە,نوێ,پەرچاو,بەرهەوار
synonym,تازە,نوێ,ڕوونا,بەرهەوار
synonym,تازە,نوێ,کۆن,پەیپەوە
synonym,تازە,نوێ,گرم,گەرما
synonym,تازە,نوێ,گەورە,پەنابەر
synonym,جوان,برزنج,ئاڕام,ئازار
synonym,جوان,برزنج,ئەزموون,چالاک
synonym,جوان,برزنج,ئەزموونی,ڕووناک
synonym,جوان,برزنج,بەهوش,زیرەک
synonym,جوان,برزنج,بەهێن,بردوام
synonym,جوان,برزنج,تازە,نوێ
synonym,جوان,برزنج,جوان,نوێر
synonym,جوان,برزنج,جەخت,توند
synonym,جوان,برزنج,حەزیار,رەزا
synonym,جوان,برزنج,خوشحال,مسرور
synonym,جوان,برزنج,خۆشەویست,دوست
synonym,جوان,برزنج,خۆشەویست,نەوازی
synonym,جوان,برزنج,خێرا,چالاک
synonym,جوان,برزنج,دوست,خەمبار
synonym,جوان,برزنج,دڵخۆش,دڵشاد
synonym,جوان,برزنج,دەنگی,نوێ
synonym,جوان,برزنج,روناک,دەرخانی
synonym,جوان,برزنج,رەشن,دەرباز
synonym,جوان,برزنج,زۆر,بەرهەوار
synonym,جوان,برزنج,زێڕی,بەردوام
synonym,جوان,برزنج,ساده,ئاسان
synonym,جوان,برزنج,شادا,ڕووناک
synonym,جوان,برزنج,شەرمەزار,دوست
synonym,جوان,برزنج,شەڕ,دەنگ
synonym,جوان,برزنج,مهربان,خاوەن
synonym,جوان,برزنج,نوێ,بەرز
synonym,جوان,برزنج,پاک,خاوەن
synonym,جوان,برزنج,پیاو,زەوی
synonym,جوان,برزنج,پیر,مەزنەوە
synonym,جوان,برزنج,پەرچاو,بەرهەوار
synonym,جوان,برزنج,ڕوونا,بەرهەوار
synonym,جوان,برزنج,گرم,گەرما
synonym,جوان,برزنج,گەورە,پەنابەر
synonym,جوان,نوێر,ئاڕام,ئازار
synonym,جوان,نوێر,ئەزموون,چالاک
synonym,جوان,نوێر,ئەزموونی,ڕووناک
synonym,جوان,نوێر,بەهوش,زیرەک
synonym,جوان,نوێر,بەهێن,بردوام
synonym,جوان,نوێر,تازە,نوێ
synonym,جوان,نوێر,جوان,برزنج
synonym,جوان,نوێر,جەخت,توند
synonym,جوان,نوێر,حەزیار,رەزا
synonym,جوان,نوێر,خوشحال,مسرور
synonym,جوان,نوێر,خۆشەویست,دوست
synonym,جوان,نوێر,خۆشەویست,نەوازی
synonym,جوان,نوێر,خێرا,چالاک
synonym,جوان,نوێر,دوست,خەمبار
synonym,جوان,نوێر,دڵخۆش,دڵشاد
synonym,جوان,نوێر,دەنگی,نوێ
synonym,جوان,نوێر,روناک,دەرخانی
synonym,جوان,نوێر,رەشن,دەرباز
synonym,جوان,نوێر,زۆر,بەرهەوار
synonym,جوان,نوێر,زێڕی,بەردوام
synonym,جوان,نوێر,ساده,ئاسان
synonym,جوان,نوێر,سەیرە,ناپەنا
synonym,جوان,نوێر,شادا,ڕووناک
synonym,جوان,نوێر,شەرمەزار,دوست
synonym,جوان,نوێر,شەڕ,دەنگ
synonym,جوان,نوێر,مهربان,خاوەن
synonym,جوان,نوێر,نوێ,بەرز
synonym,جوان,نوێر,پاک,خاوەن
synonym,جوان,نوێر,پیاو,زەوی
synonym,جوان,نوێر,پەرچاو,بەرهەوار
synonym,جوان,نوێر,ڕوونا,بەرهەوار
synonym,جوان,نوێر,گرم,گەرما
synonym,جوان,نوێر,گەورە,پەنابەر
synonym,جەخت,توند,ئاڕام,ئازار
synonym,جەخت,توند,ئەزموون,چالاک
synonym,جەخت,توند,ئەزموونی,ڕووناک
synonym,جەخت,توند,بەهوش,زیرەک
synonym,جەخت,توند,بەهێن,بردوام
synonym,جەخت,توند,تازە,نوێ
synonym,جەخت,توند,جوان,برزنج
synonym,جەخت,توند,جوان,نوێر
synonym,جەخت,توند,حەزیار,رەزا
synonym,جەخت,توند,خوشحال,مسرور
synonym,جەخت,توند,خۆشەویست,دوست
synonym,جەخت,توند,خۆشەویست,نەوازی
synonym,جەخت,توند,خێرا,چالاک
synonym,جەخت,توند,دوست,خەمبار
synonym,جەخت,توند,دڵخۆش,دڵشاد
synonym,جەخت,توند,دەنگی,نوێ
synonym,جەخت,توند,روناک,دەرخانی
synonym,جەخت,توند,رەشن,دەرباز
synonym,جەخت,توند,زۆر,بەرهەوار
synonym,جەخت,توند,زێڕی,بەردوام
synonym,جەخت,توند,ساده,ئاسان
synonym,جەخت,توند,شادا,ڕووناک
synonym,جەخت,توند,شەرمەزار,دوست
synonym,جەخت,توند,شەڕ,دەنگ
synonym,جەخت,توند,مهربان,خاوەن
synonym,جەخت,توند,نوێ,بەرز
synonym,جەخت,توند,نەرم,ئاسایی
synonym,جەخت,توند,پاک,خاوەن
synonym,جەخت,توند,پیاو,زەوی
synonym,جەخت,توند,پەرچاو,بەرهەوار
synonym,جەخت,توند,ڕوونا,بەرهەوار
synonym,جەخت,توند,گرم,گەرما
synonym,جەخت,توند,گەورە,پەنابەر
synonym,حەزیار,رەزا,ئاڕام,ئازار
synonym,حەزیار,رەزا,ئەزموون,چالاک
synonym,حەزیار,رەزا,ئەزموونی,ڕووناک
synonym,حەزیار,رەزا,بەهوش,زیرەک
synonym,حەزیار,رەزا,بەهێن,بردوام
synonym,حەزیار,رەزا,تازە,نوێ
synonym,حەزیار,رەزا,جوان,برزنج
synonym,حەزیار,رەزا,جوان,نوێر
synonym,حەزیار,رەزا,جەخت,توند
synonym,حەزیار,رەزا,خوشحال,مسرور
synonym,حەزیار,رەزا,خۆشەویست,دوست
synonym,حەزیار,رەزا,خۆشەویست,نەوازی
synonym,حەزیار,رەزا,خێرا,چالاک
synonym,حەزیار,رەزا,دوست,خەمبار
synonym,حەزیار,رەزا,دڵخۆش,دڵشاد
synonym,حەزیار,رەزا,دەشکێنەر,ناڕەزا
synonym,حەزیار,رەزا,دەنگی,نوێ
synonym,حەزیار,رەزا,روناک,دەرخانی
synonym,حەزیار,رەزا,رەشن,دەرباز
synonym,حەزیار,رەزا,زۆر,بەرهەوار
synonym,حەزیار,رەزا,زێڕی,بەردوام
synonym,حەزیار,رەزا,ساده,ئاسان
synonym,حەزیار,رەزا,شادا,ڕووناک
synonym,حەزیار,رەزا,شەرمەزار,دوست
synonym,حەزیار,رەزا,شەڕ,دەنگ
synonym,حەزیار,رەزا,مهربان,خاوەن
synonym,حەزیار,رەزا,نوێ,بەرز
synonym,حەزیار,رەزا,پاک,خاوەن
synonym,حەزیار,رەزا,پیاو,زەوی
synonym,حەزیار,رەزا,پەرچاو,بەرهەوار
synonym,حەزیار,رەزا,ڕوونا,بەرهەوار
synonym,حەزیار,رەزا,گرم,گەرما
synonym,حەزیار,رەزا,گەورە,پەنابەر
synonym,خوشحال,مسرور,ئاڕام,ئازار
synonym,خوشحال,مسرور,ئەزموون,چالاک
synonym,خوشحال,مسرور,ئەزموونی,ڕووناک
synonym,خوشحال,مسرور,بەهوش,زیرەک
synonym,خوشحال,مسرور,بەهێن,بردوام
synonym,خوشحال,مسرور,تازە,نوێ
synonym,خوشحال,مسرور,جوان,برزنج
synonym,خوشحال,مسرور,جوان,نوێر
synonym,خوشحال,مسرور,جەخت,توند
synonym,خوشحال,مسرور,حەزیار,رەزا
synonym,خوشحال,مسرور,خۆشەویست,دوست
synonym,خوشحال,مسرور,خۆشەویست,نەوازی
synonym,خوشحال,مسرور,خێرا,چالاک
synonym,خوشحال,مسرور,دوست,خەمبار
synonym,خوشحال,مسرور,دڵخۆش,دڵشاد
synonym,خوشحال,مسرور,دەنگی,نوێ
synonym,خوشحال,مسرور,روناک,دەرخانی
synonym,خوشحال,مسرور,رەشن,دەرباز
synonym,خوشحال,مسرور,زۆر,بەرهەوار
synonym,خوشحال,مسرور,زێڕی,بەردوام
synonym,خوشحال,مسرور,ساده,ئاسان
synonym,خوشحال,مسرور,شادا,ڕووناک
synonym,خوشحال,مسرور,شەرمەزار,دوست
synonym,خوشحال,مسرور,شەڕ,دەنگ
synonym,خوشحال,مسرور,مهربان,خاوەن
synonym,خوشحال,مسرور,ناخۆش,ئازار
synonym,خوشحال,مسرور,نوێ,بەرز
synonym,خوشحال,مسرور,پاک,خاوەن
synonym,خوشحال,مسرور,پیاو,زەوی
synonym,خوشحال,مسرور,پەرچاو,بەرهەوار
synonym,خوشحال,مسرور,ڕوونا,بەرهەوار
synonym,خوشحال,مسرور,گرم,گەرما
synonym,خوشحال,مسرور,گەورە,پەنابەر
synonym,خۆشەویست,دوست,ئاڕام,ئازار
synonym,خۆشەویست,دوست,ئەزموون,چالاک
synonym,خۆشەویست,دوست,ئەزموونی,ڕووناک
synonym,خۆشەویست,دوست,بەهوش,زیرەک
synonym,خۆشەویست,دوست,بەهێن,بردوام
synonym,خۆشەویست,دوست,تازە,نوێ
synonym,خۆشەویست,دوست,جوان,برزنج
synonym,خۆشەویست,دوست,جوان,نوێر
synonym,خۆشەویست,دوست,جەخت,توند
synonym,خۆشەویست,دوست,حەزیار,رەزا
synonym,خۆشەویست,دوست,خوشحال,مسرور
synonym,خۆشەویست,دوست,خۆشەویست,نەوازی
synonym,خۆشەویست,دوست,خێرا,چالاک
synonym,خۆشەویست,دوست,دوست,خەمبار
synonym,خۆشەویست,دوست,دڵخۆش,دڵشاد
synonym,خۆشەویست,دوست,دەنگی,نوێ
synonym,خۆشەویست,دوست,روناک,دەرخانی
synonym,خۆشەویست,دوست,رەشن,دەرباز
synonym,خۆشەویست,دوست,زۆر,بەرهەوار
synonym,خۆشەویست,دوست,زێڕی,بەردوام
synonym,خۆشەویست,دوست,ساده,ئاسان
synonym,خۆشەویست,دوست,شادا,ڕووناک
synonym,خۆشەویست,دوست,شەرمەزار,دوست
synonym,خۆشەویست,دوست,شەڕ,دەنگ
synonym,خۆشەویست,دوست,مهربان,خاوەن
synonym,خۆشەویست,دوست,ناخۆش,خەفتبار
synonym,خۆشەویست,دوست,نوێ,بەرز
synonym,خۆشەویست,دوست,پاک,خاوەن
synonym,خۆشەویست,دوست,پیاو,زەوی
synonym,خۆشەویست,دوست,پەرچاو,بەرهەوار
synonym,خۆشەویست,دوست,ڕوونا,بەرهەوار
synonym,خۆشەویست,دوست,گرم,گەرما
synonym,خۆشەویست,دوست,گەورە,پەنابەر
synonym,خۆشەویست,نەوازی,ئاڕام,ئازار
synonym,خۆشەویست,نەوازی,ئەزموون,چالاک
synonym,خۆشەویست,نەوازی,ئەزموونی,ڕووناک
synonym,خۆشەویست,نەوازی,بێوانی,ناتوانی
synonym,خۆشەویست,نەوازی,بەهوش,زیرەک
synonym,خۆشەویست,نەوازی,بەهێن,بردوام
synonym,خۆشەویست,نەوازی,تازە,نوێ
synonym,خۆشەویست,نەوازی,جوان,برزنج
synonym,خۆشەویست,نەوازی,جوان,نوێر
synonym,خۆشەویست,نەوازی,جەخت,توند
synonym,خۆشەویست,نەوازی,حەزیار,رەزا
synonym,خۆشەویست,نەوازی,خوشحال,مسرور
synonym,خۆشەویست,نەوازی,خۆشەویست,دوست
synonym,خۆشەویست,نەوازی,خێرا,چالاک
synonym,خۆشەویست,نەوازی,دوست,خەمبار
synonym,خۆشەویست,نەوازی,دڵخۆش,دڵشاد
synonym,خۆشەویست,نەوازی,دەنگی,نوێ
synonym,خۆشەویست,نەوازی,روناک,دەرخانی
synonym,خۆشەویست,نەوازی,رەشن,دەرباز
synonym,خۆشەویست,نەوازی,زۆر,بەرهەوار
synonym,خۆشەویست,نەوازی,زێڕی,بەردوام
synonym,خۆشەویست,نەوازی,ساده,ئاسان
synonym,خۆشەویست,نەوازی,شادا,ڕووناک
synonym,خۆشەویست,نەوازی,شەرمەزار,دوست
synonym,خۆشەویست,نەوازی,شەڕ,دەنگ
synonym,خۆشەویست,نەوازی,مهربان,خاوەن
synonym,خۆشەویست,نەوازی,نوێ,بەرز
synonym,خۆشەویست,نەوازی,پاک,خاوەن
synonym,خۆشەویست,نەوازی,پیاو,زەوی
synonym,خۆشەویست,نەوازی,پەرچاو,بەرهەوار
synonym,خۆشەویست,نەوازی,ڕوونا,بەرهەوار
synonym,خۆشەویست,نەوازی,گرم,گەرما
synonym,خۆشەویست,نەوازی,گەورە,پەنابەر
synonym,خێرا,چالاک,ئاڕام,ئازار
synonym,خێرا,چالاک,ئەزموون,چالاک
synonym,خێرا,چالاک,ئەزموونی,ڕووناک
synonym,خێرا,چالاک,بەهوش,زیرەک
synonym,خێرا,چالاک,بەهێن,بردوام
synonym,خێرا,چالاک,تازە,نوێ
synonym,خێرا,چالاک,جوان,برزنج
synonym,خێرا,چالاک,جوان,نوێر
synonym,خێرا,چالاک,جەخت,توند
synonym,خێرا,چالاک,حەزیار,رەزا
synonym,خێرا,چالاک,خوشحال,مسرور
synonym,خێرا,چالاک,خۆشەویست,دوست
synonym,خێرا,چالاک,خۆشەویست,نەوازی
synonym,خێرا,چالاک,دوست,خەمبار
synonym,خێرا,چالاک,دڵخۆش,دڵشاد
synonym,خێرا,چالاک,دەنگی,نوێ
synonym,خێرا,چالاک,روناک,دەرخانی
synonym,خێرا,چالاک,رەشن,دەرباز
synonym,خێرا,چالاک,زۆر,بەرهەوار
synonym,خێرا,چالاک,زێڕی,بەردوام
synonym,خێرا,چالاک,زەبەر,بەهێنا
synonym,خێرا,چالاک,ساده,ئاسان
synonym,خێرا,چالاک,شادا,ڕووناک
synonym,خێرا,چالاک,شەرمەزار,دوست
synonym,خێرا,چالاک,شەڕ,دەنگ
synonym,خێرا,چالاک,مهربان,خاوەن
synonym,خێرا,چالاک,نوێ,بەرز
synonym,خێرا,چالاک,پاک,خاوەن
synonym,خێرا,چالاک,پیاو,زەوی
synonym,خێرا,چالاک,پەرچاو,بەرهەوار
synonym,خێرا,چالاک,ڕوونا,بەرهەوار
synonym,خێرا,چالاک,گرم,گەرما
synonym,خێرا,چالاک,گەورە,پەنابەر
synonym,دوست,خەمبار,ئاڕام,ئازار
synonym,دوست,خەمبار,ئەزموون,چالاک
synonym,دوست,خەمبار,ئەزموونی,ڕووناک
synonym,دوست,خەمبار,بەهوش,زیرەک
synonym,دوست,خەمبار,بەهێن,بردوام
synonym,دوست,خەمبار,تازە,نوێ
synonym,دوست,خەمبار,جوان,برزنج
synonym,دوست,خەمبار,جوان,نوێر
synonym,دوست,خەمبار,جەخت,توند
synonym,دوست,خەمبار,حەزیار,رەزا
synonym,دوست,خەمبار,خوشحال,مسرور
synonym,دوست,خەمبار,خۆشەویست,دوست
synonym,دوست,خەمبار,خۆشەویست,نەوازی
synonym,دوست,خەمبار,خێرا,چالاک
synonym,دوست,خەمبار,دوستدار,رەحمێ
synonym,دوست,خەمبار,دڵخۆش,دڵشاد
synonym,دوست,خەمبار,دەنگی,نوێ
synonym,دوست,خەمبار,روناک,دەرخانی
synonym,دوست,خەمبار,رەشن,دەرباز
synonym,دوست,خەمبار,زۆر,بەرهەوار
synonym,دوست,خەمبار,زێڕی,بەردوام
synonym,دوست,خەمبار,ساده,ئاسان
synonym,دوست,خەمبار,شادا,ڕووناک
synonym,دوست,خەمبار,شەرمەزار,دوست
synonym,دوست,خەمبار,شەڕ,دەنگ
synonym,دوست,خەمبار,مهربان,خاوەن
synonym,دوست,خەمبار,نوێ,بەرز
synonym,دوست,خەمبار,پاک,خاوەن
synonym,دوست,خەمبار,پیاو,زەوی
synonym,دوست,خەمبار,پەرچاو,بەرهەوار
synonym,دوست,خەمبار,ڕوونا,بەرهەوار
synonym,دوست,خەمبار,گرم,گەرما
synonym,دوست,خەمبار,گەورە,پەنابەر
synonym,دڵخۆش,دڵشاد,ئاڕام,ئازار
synonym,دڵخۆش,دڵشاد,ئەزموون,چالاک
synonym,دڵخۆش,دڵشاد,ئەزموونی,ڕووناک
synonym,دڵخۆش,دڵشاد,بەهوش,زیرەک
synonym,دڵخۆش,دڵشاد,بەهێن,بردوام
synonym,دڵخۆش,دڵشاد,تازە,نوێ
synonym,دڵخۆش,دڵشاد,جوان,برزنج
synonym,دڵخۆش,دڵشاد,جوان,نوێر
synonym,دڵخۆش,دڵشاد,جەخت,توند
synonym,دڵخۆش,دڵشاد,حەزیار,رەزا
synonym,دڵخۆش,دڵشاد,خوشحال,مسرور
synonym,دڵخۆش,دڵشاد,خۆشەویست,دوست
synonym,دڵخۆش,دڵشاد,خۆشەویست,نەوازی
synonym,دڵخۆش,دڵشاد,خێرا,چالاک
synonym,دڵخۆش,دڵشاد,دوست,خەمبار
synonym,دڵخۆش,دڵشاد,دەنگی,نوێ
synonym,دڵخۆش,دڵشاد,روناک,دەرخانی
synonym,دڵخۆش,دڵشاد,رەشن,دەرباز
synonym,دڵخۆش,دڵشاد,زۆر,بەرهەوار
synonym,دڵخۆش,دڵشاد,زێڕی,بەردوام
synonym,دڵخۆش,دڵشاد,ساده,ئاسان
synonym,دڵخۆش,دڵشاد,سەیر,پەنا
synonym,دڵخۆش,دڵشاد,شادا,ڕووناک
synonym,دڵخۆش,دڵشاد,شەرمەزار,دوست
synonym,دڵخۆش,دڵشاد,شەڕ,دەنگ
synonym,دڵخۆش,دڵشاد,مهربان,خاوەن
synonym,دڵخۆش,دڵشاد,نوێ,بەرز
synonym,دڵخۆش,دڵشاد,پاک,خاوەن
synonym,دڵخۆش,دڵشاد,پیاو,زەوی
synonym,دڵخۆش,دڵشاد,پەرچاو,بەرهەوار
synonym,دڵخۆش,دڵشاد,ڕوونا,بەرهەوار
synonym,دڵخۆش,دڵشاد,گرم,گەرما
synonym,دڵخۆش,دڵشاد,گەورە,پەنابەر
synonym,دەنگی,نوێ,ئاڕام,ئازار
synonym,دەنگی,نوێ,ئەزموون,چالاک
synonym,دەنگی,نوێ,ئەزموونی,ڕووناک
synonym,دەنگی,نوێ,بەهوش,زیرەک
synonym,دەنگی,نوێ,بەهێن,بردوام
synonym,دەنگی,نوێ,تازە,نوێ
synonym,دەنگی,نوێ,جوان,برزنج
synonym,دەنگی,نوێ,جوان,نوێر
synonym,دەنگی,نوێ,جەخت,توند
synonym,دەنگی,نوێ,حەزیار,رەزا
synonym,دەنگی,نوێ,خوشحال,مسرور
synonym,دەنگی,نوێ,خۆشەویست,دوست
synonym,دەنگی,نوێ,خۆشەویست,نەوازی
synonym,دەنگی,نوێ,خێرا,چالاک
synonym,دەنگی,نوێ,دوست,خەمبار
synonym,دەنگی,نوێ,دڵخۆش,دڵشاد
synonym,دەنگی,نوێ,روناک,دەرخانی
synonym,دەنگی,نوێ,رەشن,دەرباز
synonym,دەنگی,نوێ,زۆر,بەرهەوار
synonym,دەنگی,نوێ,زێڕی,بەردوام
synonym,دەنگی,نوێ,ساده,ئاسان
synonym,دەنگی,نوێ,سەیرە,زێڕ
synonym,دەنگی,نوێ,شادا,ڕووناک
synonym,دەنگی,نوێ,شەرمەزار,دوست
synonym,دەنگی,نوێ,شەڕ,دەنگ
synonym,دەنگی,نوێ,مهربان,خاوەن
synonym,دەنگی,نوێ,نوێ,بەرز
synonym,دەنگی,نوێ,پاک,خاوەن
synonym,دەنگی,نوێ,پیاو,زەوی
synonym,دەنگی,نوێ,پەرچاو,بەرهەوار
synonym,دەنگی,نوێ,ڕوونا,بەرهەوار
synonym,دەنگی,نوێ,گرم,گەرما
synonym,دەنگی,نوێ,گەورە,پەنابەر
synonym,روناک,دەرخانی,ئاڕام,ئازار
synonym,روناک,دەرخانی,ئەزموون,چالاک
synonym,روناک,دەرخانی,ئەزموونی,ڕووناک
synonym,روناک,دەرخانی,بەهوش,زیرەک
synonym,روناک,دەرخانی,بەهێن,بردوام
synonym,روناک,دەرخانی,تاریک,سەیرە
synonym,روناک,دەرخانی,تازە,نوێ
synonym,روناک,دەرخانی,جوان,برزنج
synonym,روناک,دەرخانی,جوان,نوێر
synonym,روناک,دەرخانی,جەخت,توند
synonym,روناک,دەرخانی,حەزیار,رەزا
synonym,روناک,دەرخانی,خوشحال,مسرور
synonym,روناک,دەرخانی,خۆشەویست,دوست
synonym,روناک,دەرخانی,خۆشەویست,نەوازی
synonym,روناک,دەرخانی,خێرا,چالاک
synonym,روناک,دەرخانی,دوست,خەمبار
synonym,روناک,دەرخانی,دڵخۆش,دڵشاد
synonym,روناک,دەرخانی,دەنگی,نوێ
synonym,روناک,دەرخانی,رەشن,دەرباز
synonym,روناک,دەرخانی,زۆر,بەرهەوار
synonym,روناک,دەرخانی,زێڕی,بەردوام
synonym,روناک,دەرخانی,ساده,ئاسان
synonym,روناک,دەرخانی,شادا,ڕووناک
synonym,روناک,دەرخانی,شەرمەزار,دوست
synonym,روناک,دەرخانی,شەڕ,دەنگ
synonym,روناک,دەرخانی,مهربان,خاوەن
synonym,روناک,دەرخانی,نوێ,بەرز
synonym,روناک,دەرخانی,پاک,خاوەن
synonym,روناک,دەرخانی,پیاو,زەوی
synonym,روناک,دەرخانی,پەرچاو,بەرهەوار
synonym,روناک,دەرخانی,ڕوونا,بەرهەوار
synonym,روناک,دەرخانی,گرم,گەرما
synonym,روناک,دەرخانی,گەورە,پەنابەر
synonym,رەشن,دەرباز,ئاڕام,ئازار
synonym,رەشن,دەرباز,ئەزموون,چالاک
synonym,رەشن,دەرباز,ئەزموونی,ڕووناک
synonym,رەشن,دەرباز,بەهوش,زیرەک
synonym,رەشن,دەرباز,بەهێن,بردوام
synonym,رەشن,دەرباز,تاریک,پەنا
synonym,رەشن,دەرباز,تازە,نوێ
synonym,رەشن,دەرباز,جوان,برزنج
synonym,رەشن,دەرباز,جوان,نوێر
synonym,رەشن,دەرباز,جەخت,توند
synonym,رەشن,دەرباز,حەزیار,رەزا
synonym,رەشن,دەرباز,خوشحال,مسرور
synonym,رەشن,دەرباز,خۆشەویست,دوست
synonym,رەشن,دەرباز,خۆشەویست,نەوازی
synonym,رەشن,دەرباز,خێرا,چالاک
synonym,رەشن,دەرباز,دوست,خەمبار
synonym,رەشن,دەرباز,دڵخۆش,دڵشاد
synonym,رەشن,دەرباز,دەنگی,نوێ
synonym,رەشن,دەرباز,روناک,دەرخانی
synonym,رەشن,دەرباز,زۆر,بەرهەوار
synonym,رەشن,دەرباز,زێڕی,بەردوام
synonym,رەشن,دەرباز,ساده,ئاسان
synonym,رەشن,دەرباز,شادا,ڕووناک
synonym,رەشن,دەرباز,شەرمەزار,دوست
synonym,رەشن,دەرباز,شەڕ,دەنگ
synonym,رەشن,دەرباز,مهربان,خاوەن
synonym,رەشن,دەرباز,نوێ,بەرز
synonym,رەشن,دەرباز,پاک,خاوەن
synonym,رەشن,دەرباز,پیاو,زەوی
synonym,رەشن,دەرباز,پەرچاو,بەرهەوار
synonym,رەشن,دەرباز,ڕوونا,بەرهەوار
synonym,رەشن,دەرباز,گرم,گەرما
synonym,رەشن,دەرباز,گەورە,پەنابەر
synonym,زۆر,بەرهەوار,ئاڕام,ئازار
synonym,زۆر,بەرهەوار,ئەزموون,چالاک
synonym,زۆر,بەرهەوار,ئەزموونی,ڕووناک
synonym,زۆر,بەرهەوار,بەهوش,زیرەک
synonym,زۆر,بەرهەوار,بەهێن,بردوام
synonym,زۆر,بەرهەوار,تازە,نوێ
synonym,زۆر,بەرهەوار,جوان,برزنج
synonym,زۆر,بەرهەوار,جوان,نوێر
synonym,زۆر,بەرهەوار,جەخت,توند
synonym,زۆر,بەرهەوار,حەزیار,رەزا
synonym,زۆر,بەرهەوار,خوشحال,مسرور
synonym,زۆر,بەرهەوار,خۆشەویست,دوست
synonym,زۆر,بەرهەوار,خۆشەویست,نەوازی
synonym,زۆر,بەرهەوار,خێرا,چالاک
synonym,زۆر,بەرهەوار,دوست,خەمبار
synonym,زۆر,بەرهەوار,دڵخۆش,دڵشاد
synonym,زۆر,بەرهەوار,دەنگی,نوێ
synonym,زۆر,بەرهەوار,روناک,دەرخانی
synonym,زۆر,بەرهەوار,رەشن,دەرباز
synonym,زۆر,بەرهەوار,زێڕی,بەردوام
synonym,زۆر,بەرهەوار,ساده,ئاسان
synonym,زۆر,بەرهەوار,شادا,ڕووناک
synonym,زۆر,بەرهەوار,شەرمەزار,دوست
synonym,زۆر,بەرهەوار,شەڕ,دەنگ
synonym,زۆر,بەرهەوار,مهربان,خاوەن
synonym,زۆر,بەرهەوار,نوێ,بەرز
synonym,زۆر,بەرهەوار,پاک,خاوەن
synonym,زۆر,بەرهەوار,پیاو,زەوی
synonym,زۆر,بەرهەوار,پەرچاو,بەرهەوار
synonym,زۆر,بەرهەوار,ڕوونا,بەرهەوار
synonym,زۆر,بەرهەوار,کەم,خەمبار
synonym,زۆر,بەرهەوار,گرم,گەرما
synonym,زۆر,بەرهەوار,گەورە,پەنابەر
synonym,زێڕی,بەردوام,ئاڕام,ئازار
synonym,زێڕی,بەردوام,ئەزموون,چالاک
synonym,زێڕی,بەردوام,ئەزموونی,ڕووناک
synonym,زێڕی,بەردوام,بەهوش,زیرەک
synonym,زێڕی,بەردوام,بەهێن,بردوام
synonym,زێڕی,بەردوام,تازە,نوێ
synonym,زێڕی,بەردوام,جوان,برزنج
synonym,زێڕی,بەردوام,جوان,نوێر
synonym,زێڕی,بەردوام,جەخت,توند
synonym,زێڕی,بەردوام,حەزیار,رەزا
synonym,زێڕی,بەردوام,خوشحال,مسرور
synonym,زێڕی,بەردوام,خۆشەویست,دوست
synonym,زێڕی,بەردوام,خۆشەویست,نەوازی
synonym,زێڕی,بەردوام,خێرا,چالاک
synonym,زێڕی,بەردوام,دوست,خەمبار
synonym,زێڕی,بەردوام,دڵخۆش,دڵشاد
synonym,زێڕی,بەردوام,دەنگی,نوێ
synonym,زێڕی,بەردوام,روناک,دەرخانی
synonym,زێڕی,بەردوام,رەشن,دەرباز
synonym,زێڕی,بەردوام,زۆر,بەرهەوار
synonym,زێڕی,بەردوام,ساده,ئاسان
synonym,زێڕی,بەردوام,شادا,ڕووناک
synonym,زێڕی,بەردوام,شەرمەزار,دوست
synonym,زێڕی,بەردوام,شەڕ,دەنگ
synonym,زێڕی,بەردوام,مهربان,خاوەن
synonym,زێڕی,بەردوام,نوێ,بەرز
synonym,زێڕی,بەردوام,نەرم,نەگیرا
synonym,زێڕی,بەردوام,پاک,خاوەن
synonym,زێڕی,بەردوام,پیاو,زەوی
synonym,زێڕی,بەردوام,پەرچاو,بەرهەوار
synonym,زێڕی,بەردوام,ڕوونا,بەرهەوار
synonym,زێڕی,بەردوام,گرم,گەرما
synonym,زێڕی,بەردوام,گەورە,پەنابەر
synonym,ساده,ئاسان,ئاڕام,ئازار
synonym,ساده,ئاسان,ئەزموون,چالاک
synonym,ساده,ئاسان,ئەزموونی,ڕووناک
synonym,ساده,ئاسان,بەهوش,زیرەک
synonym,ساده,ئاسان,بەهێن,بردوام
synonym,ساده,ئاسان,تازە,نوێ
synonym,ساده,ئاسان,جوان,برزنج
synonym,ساده,ئاسان,جوان,نوێر
synonym,ساده,ئاسان,جەخت,توند
synonym,ساده,ئاسان,حەزیار,رەزا
synonym,ساده,ئاسان,خوشحال,مسرور
synonym,ساده,ئاسان,خۆشەویست,دوست
synonym,ساده,ئاسان,خۆشەویست,نەوازی
synonym,ساده,ئاسان,خێرا,چالاک
synonym,ساده,ئاسان,دوست,خەمبار
synonym,ساده,ئاسان,دڵخۆش,دڵشاد
synonym,ساده,ئاسان,دەنگی,نوێ
synonym,ساده,ئاسان,روناک,دەرخانی
synonym,ساده,ئاسان,رەشن,دەرباز
synonym,ساده,ئاسان,زۆر,بەرهەوار
synonym,ساده,ئاسان,زێڕی,بەردوام
synonym,ساده,ئاسان,شادا,ڕووناک
synonym,ساده,ئاسان,شەرمەزار,دوست
synonym,ساده,ئاسان,شەڕ,دەنگ
synonym,ساده,ئاسان,مهربان,خاوەن
synonym,ساده,ئاسان,نوێ,بەرز
synonym,ساده,ئاسان,پاک,خاوەن
synonym,ساده,ئاسان,پیاو,زەوی
synonym,ساده,ئاسان,پەرچاو,بەرهەوار
synonym,ساده,ئاسان,پەچانەوە,بار
synonym,ساده,ئاسان,ڕوونا,بەرهەوار
synonym,ساده,ئاسان,گرم,گەرما
synonym,ساده,ئاسان,گەورە,پەنابەر
synonym,شادا,ڕووناک,ئاڕام,ئازار
synonym,شادا,ڕووناک,ئەزموون,چالاک
synonym,شادا,ڕووناک,ئەزموونی,ڕووناک
synonym,شادا,ڕووناک,بەهوش,زیرەک
synonym,شادا,ڕووناک,بەهێن,بردوام
synonym,شادا,ڕووناک,تازە,نوێ
synonym,شادا,ڕووناک,جوان,برزنج
synonym,شادا,ڕووناک,جوان,نوێر
synonym,شادا,ڕووناک,جەخت,توند
synonym,شادا,ڕووناک,حەزیار,رەزا
synonym,شادا,ڕووناک,خوشحال,مسرور
synonym,شادا,ڕووناک,خۆشەویست,دوست
synonym,شادا,ڕووناک,خۆشەویست,نەوازی
synonym,شادا,ڕووناک,خێرا,چالاک
synonym,شادا,ڕووناک,دوست,خەمبار
synonym,شادا,ڕووناک,دڵخۆش,دڵشاد
synonym,شادا,ڕووناک,دەنگی,نوێ
synonym,شادا,ڕووناک,روناک,دەرخانی
synonym,شادا,ڕووناک,رەشن,دەرباز
synonym,شادا,ڕووناک,زۆر,بەرهەوار
synonym,شادا,ڕووناک,زێڕی,بەردوام
synonym,شادا,ڕووناک,ساده,ئاسان
synonym,شادا,ڕووناک,سەیر,پەنا
synonym,شادا,ڕووناک,شەرمەزار,دوست
synonym,شادا,ڕووناک,شەڕ,دەنگ
synonym,شادا,ڕووناک,مهربان,خاوەن
synonym,شادا,ڕووناک,نوێ,بەرز
synonym,شادا,ڕووناک,پاک,خاوەن
synonym,شادا,ڕووناک,پیاو,زەوی
synonym,شادا,ڕووناک,پەرچاو,بەرهەوار
synonym,شادا,ڕووناک,ڕوونا,بەرهەوار
synonym,شادا,ڕووناک,گرم,گەرما
synonym,شادا,ڕووناک,گەورە,پەنابەر
synonym,شەرمەزار,دوست,ئاڕام,ئازار
synonym,شەرمەزار,دوست,ئەزموون,چالاک
synonym,شەرمەزار,دوست,ئەزموونی,ڕووناک
synonym,شەرمەزار,دوست,بەهوش,زیرەک
synonym,شەرمەزار,دوست,بەهێن,بردوام
synonym,شەرمەزار,دوست,تازە,نوێ
synonym,شەرمەزار,دوست,جوان,برزنج
synonym,شەرمەزار,دوست,جوان,نوێر
synonym,شەرمەزار,دوست,جەخت,توند
synonym,شەرمەزار,دوست,حەزیار,رەزا
synonym,شەرمەزار,دوست,خوشحال,مسرور
synonym,شەرمەزار,دوست,خۆشەویست,دوست
synonym,شەرمەزار,دوست,خۆشەویست,نەوازی
synonym,شەرمەزار,دوست,خێرا,چالاک
synonym,شەرمەزار,دوست,دوست,خەمبار
synonym,شەرمەزار,دوست,دڵخۆش,دڵشاد
synonym,شەرمەزار,دوست,دەنگدار,بێوان
synonym,شەرمەزار,دوست,دەنگی,نوێ
synonym,شەرمەزار,دوست,روناک,دەرخانی
synonym,شەرمەزار,دوست,رەشن,دەرباز
synonym,شەرمەزار,دوست,زۆر,بەرهەوار
synonym,شەرمەزار,دوست,زێڕی,بەردوام
synonym,شەرمەزار,دوست,ساده,ئاسان
synonym,شەرمەزار,دوست,شادا,ڕووناک
synonym,شەرمەزار,دوست,شەڕ,دەنگ
synonym,شەرمەزار,دوست,مهربان,خاوەن
synonym,شەرمەزار,دوست,نوێ,بەرز
synonym,شەرمەزار,دوست,پاک,خاوەن
synonym,شەرمەزار,دوست,پیاو,زەوی
synonym,شەرمەزار,دوست,پەرچاو,بەرهەوار
synonym,شەرمەزار,دوست,ڕوونا,بەرهەوار
synonym,شەرمەزار,دوست,گرم,گەرما
synonym,شەرمەزار,دوست,گەورە,پەنابەر
synonym,شەڕ,دەنگ,ئاڕام,ئازار
synonym,شەڕ,دەنگ,ئاڕامی,خەمبار
synonym,شەڕ,دەنگ,ئەزموون,چالاک
synonym,شەڕ,دەنگ,ئەزموونی,ڕووناک
synonym,شەڕ,دەنگ,بەهوش,زیرەک
synonym,شەڕ,دەنگ,بەهێن,بردوام
synonym,شەڕ,دەنگ,تازە,نوێ
synonym,شەڕ,دەنگ,جوان,برزنج
synonym,شەڕ,دەنگ,جوان,نوێر
synonym,شەڕ,دەنگ,جەخت,توند
synonym,شەڕ,دەنگ,حەزیار,رەزا
synonym,شەڕ,دەنگ,خوشحال,مسرور
synonym,شەڕ,دەنگ,خۆشەویست,دوست
synonym,شەڕ,دەنگ,خۆشەویست,نەوازی
synonym,شەڕ,دەنگ,خێرا,چالاک
synonym,شەڕ,دەنگ,دوست,خەمبار
synonym,شەڕ,دەنگ,دڵخۆش,دڵشاد
synonym,شەڕ,دەنگ,دەنگی,نوێ
synonym,شەڕ,دەنگ,روناک,دەرخانی
synonym,شەڕ,دەنگ,رەشن,دەرباز
synonym,شەڕ,دەنگ,زۆر,بەرهەوار
synonym,شەڕ,دەنگ,زێڕی,بەردوام
synonym,شەڕ,دەنگ,ساده,ئاسان
synonym,شەڕ,دەنگ,شادا,ڕووناک
synonym,شەڕ,دەنگ,شەرمەزار,دوست
synonym,شەڕ,دەنگ,مهربان,خاوەن
synonym,شەڕ,دەنگ,نوێ,بەرز
synonym,شەڕ,دەنگ,پاک,خاوەن
synonym,شەڕ,دەنگ,پیاو,زەوی
synonym,شەڕ,دەنگ,پەرچاو,بەرهەوار
synonym,شەڕ,دەنگ,ڕوونا,بەرهەوار
synonym,شەڕ,دەنگ,گرم,گەرما
synonym,شەڕ,دەنگ,گەورە,پەنابەر
synonym,مهربان,خاوەن,ئاڕام,ئازار
synonym,مهربان,خاوەن,ئەزموون,چالاک
synonym,مهربان,خاوەن,ئەزموونی,ڕووناک
synonym,مهربان,خاوەن,بەفەرمان,ناتەوانی
synonym,مهربان,خاوەن,بەهوش,زیرەک
synonym,مهربان,خاوەن,بەهێن,بردوام
synonym,مهربان,خاوەن,تازە,نوێ
synonym,مهربان,خاوەن,جوان,برزنج
synonym,مهربان,خاوەن,جوان,نوێر
synonym,مهربان,خاوەن,جەخت,توند
synonym,مهربان,خاوەن,حەزیار,رەزا
synonym,مهربان,خاوەن,خوشحال,مسرور
synonym,مهربان,خاوەن,خۆشەویست,دوست
synonym,مهربان,خاوەن,خۆشەویست,نەوازی
synonym,مهربان,خاوەن,خێرا,چالاک
synonym,مهربان,خاوەن,دوست,خەمبار
synonym,مهربان,خاوەن,دڵخۆش,دڵشاد
synonym,مهربان,خاوەن,دەنگی,نوێ
synonym,مهربان,خاوەن,روناک,دەرخانی
synonym,مهربان,خاوەن,رەشن,دەرباز
synonym,مهربان,خاوەن,زۆر,بەرهەوار
synonym,مهربان,خاوەن,زێڕی,بەردوام
synonym,مهربان,خاوەن,ساده,ئاسان
synonym,مهربان,خاوەن,شادا,ڕووناک
synonym,مهربان,خاوەن,شەرمەزار,دوست
synonym,مهربان,خاوەن,شەڕ,دەنگ
synonym,مهربان,خاوەن,نوێ,بەرز
synonym,مهربان,خاوەن,پاک,خاوەن
synonym,مهربان,خاوەن,پیاو,زەوی
synonym,مهربان,خاوەن,پەرچاو,بەرهەوار
synonym,مهربان,خاوەن,ڕوونا,بەرهەوار
synonym,مهربان,خاوەن,گرم,گەرما
synonym,مهربان,خاوەن,گەورە,پەنابەر
synonym,نوێ,بەرز,ئاڕام,ئازار
synonym,نوێ,بەرز,ئەزموون,چالاک
synonym,نوێ,بەرز,ئەزموونی,ڕووناک
synonym,نوێ,بەرز,بەهوش,زیرەک
synonym,نوێ,بەرز,بەهێن,بردوام
synonym,نوێ,بەرز,تازە,نوێ
synonym,نوێ,بەرز,جوان,برزنج
synonym,نوێ,بەرز,جوان,نوێر
synonym,نوێ,بەرز,جەخت,توند
synonym,نوێ,بەرز,حەزیار,رەزا
synonym,نوێ,بەرز,خوشحال,مسرور
synonym,نوێ,بەرز,خۆشەویست,دوست
synonym,نوێ,بەرز,خۆشەویست,نەوازی
synonym,نوێ,بەرز,خێرا,چالاک
synonym,نوێ,بەرز,دوست,خەمبار
synonym,نوێ,بەرز,دڵخۆش,دڵشاد
synonym,نوێ,بەرز,دەنگی,نوێ
synonym,نوێ,بەرز,روناک,دەرخانی
synonym,نوێ,بەرز,رەشن,دەرباز
synonym,نوێ,بەرز,زۆر,بەرهەوار
synonym,نوێ,بەرز,زێڕی,بەردوام
synonym,نوێ,بەرز,ساده,ئاسان
synonym,نوێ,بەرز,شادا,ڕووناک
synonym,نوێ,بەرز,شەرمەزار,دوست
synonym,نوێ,بەرز,شەڕ,دەنگ
synonym,نوێ,بەرز,مهربان,خاوەن
synonym,نوێ,بەرز,پاک,خاوەن
synonym,نوێ,بەرز,پیاو,زەوی
synonym,نوێ,بەرز,پەرچاو,بەرهەوار
synonym,نوێ,بەرز,ڕوونا,بەرهەوار
synonym,نوێ,بەرز,کۆن,پێشین
synonym,نوێ,بەرز,گرم,گەرما
synonym,نوێ,بەرز,گەورە,پەنابەر
synonym,پاک,خاوەن,ئاڕام,ئازار
synonym,پاک,خاوەن,ئەزموون,چالاک
synonym,پاک,خاوەن,ئەزموونی,ڕووناک
synonym,پاک,خاوەن,بەهوش,زیرەک
synonym,پاک,خاوەن,بەهێن,بردوام
synonym,پاک,خاوەن,تازە,نوێ
synonym,پاک,خاوەن,جوان,برزنج
synonym,پاک,خاوەن,جوان,نوێر
synonym,پاک,خاوەن,جەخت,توند
synonym,پاک,خاوەن,حەزیار,رەزا
synonym,پاک,خاوەن,خوشحال,مسرور
synonym,پاک,خاوەن,خۆشەویست,دوست
synonym,پاک,خاوەن,خۆشەویست,نەوازی
synonym,پاک,خاوەن,خێرا,چالاک
synonym,پاک,خاوەن,دوست,خەمبار
synonym,پاک,خاوەن,دڵخۆش,دڵشاد
synonym,پاک,خاوەن,دەنگی,نوێ
synonym,پاک,خاوەن,روناک,دەرخانی
synonym,پاک,خاوەن,رەشن,دەرباز
synonym,پاک,خاوەن,زۆر,بەرهەوار
synonym,پاک,خاوەن,زێڕی,بەردوام
synonym,پاک,خاوەن,ساده,ئاسان
synonym,پاک,خاوەن,شادا,ڕووناک
synonym,پاک,خاوەن,شەرمەزار,دوست
synonym,پاک,خاوەن,شەڕ,دەنگ
synonym,پاک,خاوەن,مهربان,خاوەن
synonym,پاک,خاوەن,نوێ,بەرز
synonym,پاک,خاوەن,پیاو,زەوی
synonym,پاک,خاوەن,پەرچاو,بەرهەوار
synonym,پاک,خاوەن,پەسەوە,سەیرە
synonym,پاک,خاوەن,ڕوونا,بەرهەوار
synonym,پاک,خاوەن,گرم,گەرما
synonym,پاک,خاوەن,گەورە,پەنابەر
synonym,پیاو,زەوی,ئاڕام,ئازار
synonym,پیاو,زەوی,ئەزموون,چالاک
synonym,پیاو,زەوی,ئەزموونی,ڕووناک
synonym,پیاو,زەوی,بەهوش,زیرەک
synonym,پیاو,زەوی,بەهێن,بردوام
synonym,پیاو,زەوی,تازە,نوێ
synonym,پیاو,زەوی,جوان,برزنج
synonym,پیاو,زەوی,جوان,نوێر
synonym,پیاو,زەوی,جەخت,توند
synonym,پیاو,زەوی,حەزیار,رەزا
synonym,پیاو,زەوی,خوشحال,مسرور
synonym,پیاو,زەوی,خۆشەویست,دوست
synonym,پیاو,زەوی,خۆشەویست,نەوازی
synonym,پیاو,زەوی,خێرا,چالاک
synonym,پیاو,زەوی,دوست,خەمبار
synonym,پیاو,زەوی,دڵخۆش,دڵشاد
synonym,پیاو,زەوی,دەنگی,نوێ
synonym,پیاو,زەوی,روناک,دەرخانی
synonym,پیاو,زەوی,رەشن,دەرباز
synonym,پیاو,زەوی,زۆر,بەرهەوار
synonym,پیاو,زەوی,زێڕی,بەردوام
synonym,پیاو,زەوی,ساده,ئاسان
synonym,پیاو,زەوی,شادا,ڕووناک
synonym,پیاو,زەوی,شەرمەزار,دوست
synonym,پیاو,زەوی,شەڕ,دەنگ
synonym,پیاو,زەوی,مهربان,خاوەن
synonym,پیاو,زەوی,نوێ,بەرز
synonym,پیاو,زەوی,پاک,خاوەن
synonym,پیاو,زەوی,پەرچاو,بەرهەوار
synonym,پیاو,زەوی,ڕوونا,بەرهەوار
synonym,پیاو,زەوی,گرم,گەرما
synonym,پیاو,زەوی,گوندی,بەگراو
synonym,پیاو,زەوی,گەورە,پەنابەر
synonym,پەرچاو,بەرهەوار,ئاڕام,ئازار
synonym,پەرچاو,بەرهەوار,ئەزموون,چالاک
synonym,پەرچاو,بەرهەوار,ئەزموونی,ڕووناک
synonym,پەرچاو,بەرهەوار,بەهوش,زیرەک
synonym,پەرچاو,بەرهەوار,بەهێن,بردوام
synonym,پەرچاو,بەرهەوار,تازە,نوێ
synonym,پەرچاو,بەرهەوار,جوان,برزنج
synonym,پەرچاو,بەرهەوار,جوان,نوێر
synonym,پەرچاو,بەرهەوار,جەخت,توند
synonym,پەرچاو,بەرهەوار,حەزیار,رەزا
synonym,پەرچاو,بەرهەوار,خوشحال,مسرور
synonym,پەرچاو,بەرهەوار,خۆشەویست,دوست
synonym,پەرچاو,بەرهەوار,خۆشەویست,نەوازی
synonym,پەرچاو,بەرهەوار,خێرا,چالاک
synonym,پەرچاو,بەرهەوار,دوست,خەمبار
synonym,پەرچاو,بەرهەوار,دڵخۆش,دڵشاد
synonym,پەرچاو,بەرهەوار,دەنگی,نوێ
synonym,پەرچاو,بەرهەوار,روناک,دەرخانی
synonym,پەرچاو,بەرهەوار,رەشن,دەرباز
synonym,پەرچاو,بەرهەوار,زۆر,بەرهەوار
synonym,پەرچاو,بەرهەوار,زێڕی,بەردوام
synonym,پەرچاو,بەرهەوار,ساده,ئاسان
synonym,پەرچاو,بەرهەوار,شادا,ڕووناک
synonym,پەرچاو,بەرهەوار,شەرمەزار,دوست
synonym,پەرچاو,بەرهەوار,شەڕ,دەنگ
synonym,پەرچاو,بەرهەوار,مهربان,خاوەن
synonym,پەرچاو,بەرهەوار,ناڕەزا,سەیرە
synonym,پەرچاو,بەرهەوار,نوێ,بەرز
synonym,پەرچاو,بەرهەوار,پاک,خاوەن
synonym,پەرچاو,بەرهەوار,پیاو,زەوی
synonym,پەرچاو,بەرهەوار,ڕوونا,بەرهەوار
synonym,پەرچاو,بەرهەوار,گرم,گەرما
synonym,پەرچاو,بەرهەوار,گەورە,پەنابەر
synonym,ڕوونا,بەرهەوار,ئاڕام,ئازار
synonym,ڕوونا,بەرهەوار,ئەزموون,چالاک
synonym,ڕوونا,بەرهەوار,ئەزموونی,ڕووناک
synonym,ڕوونا,بەرهەوار,بەهوش,زیرەک
synonym,ڕوونا,بەرهەوار,بەهێن,بردوام
synonym,ڕوونا,بەرهەوار,تازە,نوێ
synonym,ڕوونا,بەرهەوار,جوان,برزنج
synonym,ڕوونا,بەرهەوار,جوان,نوێر
synonym,ڕوونا,بەرهەوار,جەخت,توند
synonym,ڕوونا,بەرهەوار,حەزیار,رەزا
synonym,ڕوونا,بەرهەوار,خوشحال,مسرور
synonym,ڕوونا,بەرهەوار,خۆشەویست,دوست
synonym,ڕوونا,بەرهەوار,خۆشەویست,نەوازی
synonym,ڕوونا,بەرهەوار,خێرا,چالاک
synonym,ڕوونا,بەرهەوار,دوست,خەمبار
synonym,ڕوونا,بەرهەوار,دڵخۆش,دڵشاد
synonym,ڕوونا,بەرهەوار,دەنگی,نوێ
synonym,ڕوونا,بەرهەوار,دەنگێنە,خەمبار
synonym,ڕوونا,بەرهەوار,روناک,دەرخانی
synonym,ڕوونا,بەرهەوار,رەشن,دەرباز
synonym,ڕوونا,بەرهەوار,زۆر,بەرهەوار
synonym,ڕوونا,بەرهەوار,زێڕی,بەردوام
synonym,ڕوونا,بەرهەوار,ساده,ئاسان
synonym,ڕوونا,بەرهەوار,شادا,ڕووناک
synonym,ڕوونا,بەرهەوار,شەرمەزار,دوست
synonym,ڕوونا,بەرهەوار,شەڕ,دەنگ
synonym,ڕوونا,بەرهەوار,مهربان,خاوەن
synonym,ڕوونا,بەرهەوار,نوێ,بەرز
synonym,ڕوونا,بەرهەوار,پاک,خاوەن
synonym,ڕوونا,بەرهەوار,پیاو,زەوی
synonym,ڕوونا,بەرهەوار,پەرچاو,بەرهەوار
synonym,ڕوونا,بەرهەوار,گرم,گەرما
synonym,ڕوونا,بەرهەوار,گەورە,پەنابەر
synonym,گرم,گەرما,ئاڕام,ئازار
synonym,گرم,گەرما,ئەزموون,چالاک
synonym,گرم,گەرما,ئەزموونی,ڕووناک
synonym,گرم,گەرما,بەهوش,زیرەک
synonym,گرم,گەرما,بەهێن,بردوام
synonym,گرم,گەرما,تازە,نوێ
synonym,گرم,گەرما,جوان,برزنج
synonym,گرم,گەرما,جوان,نوێر
synonym,گرم,گەرما,جەخت,توند
synonym,گرم,گەرما,حەزیار,رەزا
synonym,گرم,گەرما,خوشحال,مسرور
synonym,گرم,گەرما,خۆشەویست,دوست
synonym,گرم,گەرما,خۆشەویست,نەوازی
synonym,گرم,گەرما,خێرا,چالاک
synonym,گرم,گەرما,دوست,خەمبار
synonym,گرم,گەرما,دڵخۆش,دڵشاد
synonym,گرم,گەرما,دەنگی,نوێ
synonym,گرم,گەرما,روناک,دەرخانی
synonym,گرم,گەرما,رەشن,دەرباز
synonym,گرم,گەرما,زۆر,بەرهەوار
synonym,گرم,گەرما,زێڕی,بەردوام
synonym,گرم,گەرما,ساده,ئاسان
synonym,گرم,گەرما,سارد,بەهێنا
synonym,گرم,گەرما,شادا,ڕووناک
synonym,گرم,گەرما,شەرمەزار,دوست
synonym,گرم,گەرما,شەڕ,دەنگ
synonym,گرم,گەرما,مهربان,خاوەن
synonym,گرم,گەرما,نوێ,بەرز
synonym,گرم,گەرما,پاک,خاوەن
synonym,گرم,گەرما,پیاو,زەوی
synonym,گرم,گەرما,پەرچاو,بەرهەوار
synonym,گرم,گەرما,ڕوونا,بەرهەوار
synonym,گرم,گەرما,گەورە,پەنابەر
synonym,گەورە,پەنابەر,ئاڕام,ئازار
synonym,گەورە,پەنابەر,ئەزموون,چالاک
synonym,گەورە,پەنابەر,ئەزموونی,ڕووناک
synonym,گەورە,پەنابەر,بچوک,نیزان
synonym,گەورە,پەنابەر,بەهوش,زیرەک
synonym,گەورە,پەنابەر,بەهێن,بردوام
synonym,گەورە,پەنابەر,تازە,نوێ
synonym,گەورە,پەنابەر,جوان,برزنج
synonym,گەورە,پەنابەر,جوان,نوێر
synonym,گەورە,پەنابەر,جەخت,توند
synonym,گەورە,پەنابەر,حەزیار,رەزا
synonym,گەورە,پەنابەر,خوشحال,مسرور
synonym,گەورە,پەنابەر,خۆشەویست,دوست
synonym,گەورە,پەنابەر,خۆشەویست,نەوازی
synonym,گەورە,پەنابەر,خێرا,چالاک
synonym,گەورە,پەنابەر,دوست,خەمبار
synonym,گەورە,پەنابەر,دڵخۆش,دڵشاد
synonym,گەورە,پەنابەر,دەنگی,نوێ
synonym,گەورە,پەنابەر,روناک,دەرخانی
synonym,گەورە,پەنابەر,رەشن,دەرباز
synonym,گەورە,پەنابەر,زۆر,بەرهەوار
synonym,گەورە,پەنابەر,زێڕی,بەردوام
synonym,گەورە,پەنابەر,ساده,ئاسان
synonym,گەورە,پەنابەر,شادا,ڕووناک
synonym,گەورە,پەنابەر,شەرمەزار,دوست
synonym,گەورە,پەنابەر,شەڕ,دەنگ
synonym,گەورە,پەنابەر,مهربان,خاوەن
synonym,گەورە,پەنابەر,نوێ,بەرز
synonym,گەورە,پەنابەر,پاک,خاوەن
synonym,گەورە,پەنابەر,پیاو,زەوی
synonym,گەورە,پەنابەر,پەرچاو,بەرهەوار
synonym,گەورە,پەنابەر,ڕوونا,بەرهەوار
synonym,گەورە,پەنابەر,گرم,گەرما
